Family,Name,Filename
.Helvetica LT MM,.Helvetica LT MM,HelveLTMM
.Helvetica LT MM,.Helvetica LT MM,Helvetica LT MM
.Keyboard,.Keyboard,Keyboard.dfont
.Times LT MM,.Times LT MM,Times LT MM
.Times LT MM,.Times LT MM,TimesLTMM
Al Bayan,Al Bayan Bold,AlBayanBold.ttf
Al Bayan,Al Bayan Plain,AlBayan.ttf
American Typewriter,American Typewriter Bold,AmericanTypewriter.dfont
American Typewriter,American Typewriter Condensed Bold,AmericanTypewriter.dfont
American Typewriter,American Typewriter Condensed Light,AmericanTypewriter.dfont
American Typewriter,American Typewriter Condensed,AmericanTypewriter.dfont
American Typewriter,American Typewriter Light,AmericanTypewriter.dfont
American Typewriter,American Typewriter,AmericanTypewriter.dfont
Andale Mono,Andale Mono,Andale Mono
Apple Chancery,Apple Chancery,Apple Chancery.dfont
Apple LiGothic,Apple LiGothic Medium,Apple LiGothic Medium.dfont
Apple LiSung,Apple LiSung Light,Apple LiSung Light.dfont
Apple Symbols,Apple Symbols,Apple Symbols.ttf
AppleGothic,AppleGothic Regular,AppleGothic.dfont
AppleMyungjo,AppleMyungjo Regular,AppleMyungjo.dfont
AquaKana,AquaKana Bold,AquaKanaBold.otf
AquaKana,AquaKana,AquaKanaRegular.otf
Arial Hebrew,Arial Hebrew Bold,ArialHBBold.ttf
Arial Hebrew,Arial Hebrew,ArialHB.ttf
Arial Narrow,Arial Narrow,Arial Narrow
Arial Rounded MT Bold,Arial Rounded MT Bold,Arial Rounded Bold
Arial,Arial Black,Arial Black
Arial,Arial,Arial
Ayuthaya,Ayuthaya,Ayuthaya.ttf
Baghdad,Baghdad Regular,Baghdad.ttf
Baskerville,Baskerville Bold Italic,Baskerville.dfont
Baskerville,Baskerville Bold,Baskerville.dfont
Baskerville,Baskerville Italic,Baskerville.dfont
Baskerville,Baskerville SemiBold Italic,Baskerville.dfont
Baskerville,Baskerville SemiBold,Baskerville.dfont
Baskerville,Baskerville,Baskerville.dfont
BiauKai,BiauKai,BiauKai.dfont
Big Caslon,Big Caslon Medium,BigCaslon.dfont
Brush Script MT,Brush Script MT Italic,Brush Script
Chalkboard,Chalkboard Bold,ChalkboardBold.ttf
Chalkboard,Chalkboard,Chalkboard.ttf
Charcoal CY,Charcoal CY,CharcoalCY.dfont
Cochin,Cochin Bold Italic,Cochin.dfont
Cochin,Cochin Bold,Cochin.dfont
Cochin,Cochin Italic,Cochin.dfont
Cochin,Cochin,Cochin.dfont
Comic Sans MS,Comic Sans MS,Comic Sans MS
Copperplate,Copperplate Bold,Copperplate.dfont
Copperplate,Copperplate Light,Copperplate.dfont
Copperplate,Copperplate,Copperplate.dfont
Corsiva Hebrew,Corsiva Hebrew Bold,CorsivaBold.ttf
Corsiva Hebrew,Corsiva Hebrew,Corsiva.ttf
Courier New,Courier New,Courier New
Courier,Courier Bold Oblique,Courier.dfont
Courier,Courier Bold,Courier.dfont
Courier,Courier Oblique,Courier.dfont
Courier,Courier,Courier.dfont
DecoType Naskh,DecoType Naskh Regular,DecoTypeNaskh.ttf
Devanagari MT,Devanagari MT Bold,DevanagariMTBold.ttf
Devanagari MT,Devanagari MT,DevanagariMT.ttf
Didot,Didot Bold,Didot.dfont
Didot,Didot Italic,Didot.dfont
Didot,Didot,Didot.dfont
Euphemia UCAS,Euphemia UCAS Bold,EuphemiaCASBold.ttf
Euphemia UCAS,Euphemia UCAS Italic,EuphemiaCASItalic.ttf
Euphemia UCAS,Euphemia UCAS,EuphemiaCASRegular.ttf
Futura,Futura Condensed ExtraBold,Futura.dfont
Futura,Futura Condensed Medium,Futura.dfont
Futura,Futura Medium Italic,Futura.dfont
Futura,Futura Medium,Futura.dfont
GB18030 Bitmap,GB18030 Bitmap,NISC18030.ttf
Geeza Pro,Geeza Pro Bold,Geeza Pro Bold.ttf
Geeza Pro,Geeza Pro Regular,Geeza Pro.ttf
Geneva CY,Geneva CY,GenevaCY.dfont
Geneva,Geneva,Geneva.dfont
Georgia,Georgia,Georgia
Gill Sans,Gill Sans Bold Italic,GillSans.dfont
Gill Sans,Gill Sans Bold,GillSans.dfont
Gill Sans,Gill Sans Italic,GillSans.dfont
Gill Sans,Gill Sans Light Italic,GillSans.dfont
Gill Sans,Gill Sans Light,GillSans.dfont
Gill Sans,Gill Sans,GillSans.dfont
Gujarati MT,Gujarati MT Bold,GujaratiMTBold.ttf
Gujarati MT,Gujarati MT,GujaratiMT.ttf
GungSeo,GungSeo Regular,Gungseouche.dfont
Gurmukhi MT,Gurmukhi MT,Gurmukhi.ttf
HeadlineA,HeadlineA,HeadlineA.dfont
Hei,Hei Regular,Hei.dfont
Helvetica CY,Helvetica CY Bold,HelveticaCY.dfont
Helvetica CY,Helvetica CY BoldOblique,HelveticaCY.dfont
Helvetica CY,Helvetica CY Oblique,HelveticaCY.dfont
Helvetica CY,Helvetica CY Plain,HelveticaCY.dfont
Helvetica Neue,Helvetica Neue Bold Italic,HelveticaNeue.dfont
Helvetica Neue,Helvetica Neue Bold,HelveticaNeue.dfont
Helvetica Neue,Helvetica Neue Condensed Black,HelveticaNeue.dfont
Helvetica Neue,Helvetica Neue Condensed Bold,HelveticaNeue.dfont
Helvetica Neue,Helvetica Neue Italic,HelveticaNeue.dfont
Helvetica Neue,Helvetica Neue Light Italic,HelveticaNeue.dfont
Helvetica Neue,Helvetica Neue Light,HelveticaNeue.dfont
Helvetica Neue,Helvetica Neue UltraLight Italic,HelveticaNeue.dfont
Helvetica Neue,Helvetica Neue UltraLight,HelveticaNeue.dfont
Helvetica Neue,Helvetica Neue,HelveticaNeue.dfont
Helvetica,Helvetica Bold Oblique,Helvetica.dfont
Helvetica,Helvetica Bold,Helvetica.dfont
Helvetica,Helvetica Oblique,Helvetica.dfont
Helvetica,Helvetica,Helvetica.dfont
Herculanum,Herculanum,Herculanum.dfont
Hiragino Kaku Gothic Pro,Hiragino Kaku Gothic Pro W3,ヒラギノ角ゴ Pro W3.otf
Hiragino Kaku Gothic Pro,Hiragino Kaku Gothic Pro W6,ヒラギノ角ゴ Pro W6.otf
Hiragino Kaku Gothic Std,Hiragino Kaku Gothic Std W8,ヒラギノ角ゴ Std W8.otf
Hiragino Maru Gothic Pro,Hiragino Maru Gothic Pro W4,ヒラギノ丸ゴ Pro W4.otf
Hiragino Mincho Pro,Hiragino Mincho Pro W3,ヒラギノ明朝 Pro W3.otf
Hiragino Mincho Pro,Hiragino Mincho Pro W6,ヒラギノ明朝 Pro W6.otf
Hoefler Text Ornaments,Hoefler Text Ornaments,Hoefler Text.dfont
Hoefler Text,Hoefler Text Black Italic,Hoefler Text.dfont
Hoefler Text,Hoefler Text Black,Hoefler Text.dfont
Hoefler Text,Hoefler Text Italic,Hoefler Text.dfont
Hoefler Text,Hoefler Text,Hoefler Text.dfont
Impact,Impact,Impact
InaiMathi,InaiMathi,InaiMathi.ttf
Kai,Kai Regular,Kai.dfont
Krungthep,Krungthep,Krungthep.ttf
KufiStandardGK,KufiStandardGK Regular,KufiStandardGK.ttf
LastResort,LastResort,LastResort.dfont
LiHei Pro,LiHei Pro,儷黑 Pro.ttf
LiSong Pro,LiSong Pro,儷宋 Pro.ttf
Lucida Grande,Lucida Grande Bold,LucidaGrande.dfont
Lucida Grande,Lucida Grande,LucidaGrande.dfont
Marker Felt,Marker Felt Thin,MarkerFelt.dfont
Marker Felt,Marker Felt Wide,MarkerFelt.dfont
Monaco,Monaco,Monaco.dfont
Mshtakan,Mshtakan Bold Oblique,MshtakanBoldOblique.ttf
Mshtakan,Mshtakan Bold,MshtakanBold.ttf
Mshtakan,Mshtakan Oblique,MshtakanOblique.ttf
Mshtakan,Mshtakan Regular,MshtakanRegular.ttf
Nadeem,Nadeem Regular,Nadeem.ttf
New Peninim MT,New Peninim MT Bold Inclined,NewPeninimMTBoldInclined.ttf
New Peninim MT,New Peninim MT Bold,NewPeninimMTBold.ttf
New Peninim MT,New Peninim MT Inclined,NewPeninimMTInclined.ttf
New Peninim MT,New Peninim MT,NewPeninimMT.ttf
Optima,Optima Bold Italic,Optima.dfont
Optima,Optima Bold,Optima.dfont
Optima,Optima ExtraBlack,Optima.dfont
Optima,Optima Italic,Optima.dfont
Optima,Optima Regular,Optima.dfont
Osaka Mono,Osaka Mono,OsakaMono.dfont
Osaka,Osaka,Osaka.dfont
PCMyungjo,PCMyungjo Regular,PCmyoungjo.dfont
Papyrus,Papyrus Condensed,Papyrus.dfont
Papyrus,Papyrus,Papyrus.dfont
PilGi,PilGi Regular,Pilgiche.dfont
Plantagenet Cherokee,Plantagenet Cherokee,PlantagenetCherokee.ttf
Raanana,Raanana Bold,RaananaBold.ttf
Raanana,Raanana,Raanana.ttf
STFangSong,STFangSong,华文仿宋.ttf
STHeiti,STHeiti Light,华文细黑.ttf
STHeiti,STHeiti Regular,华文黑体.ttf
STKaiti,STKaiti,华文楷体.ttf
STSong,STSong,华文宋体.ttf
Sathu,Sathu,Sathu.ttf
Silom,Silom,Silom.ttf
Skia,Skia,Skia.dfont
Symbol,Symbol,Symbol.dfont
Thonburi,Thonburi,Thonburi.ttf
Times New Roman,Times New Roman,Times New Roman
Times,Times Bold Italic,Times.dfont
Times,Times Bold,Times.dfont
Times,Times Italic,Times.dfont
Times,Times Roman,Times.dfont
Times,Times,Times.dfont
Trebuchet MS,Trebuchet MS,Trebuchet MS
Verdana,Verdana,Verdana
Webdings,Webdings,Webdings
Zapf Dingbats,Zapf Dingbats,ZapfDingbats.dfont
Zapfino,Zapfino,Zapfino.dfont
