.Helvetica LT MM,.Helvetica LT MM,HelveLTMM
.Helvetica LT MM,.Helvetica LT MM,Helvetica LT MM
.Helvetica Neue Desk UI,.Helvetica Neue Desk UI Bold Italic,HelveticaNeueDeskUI.ttc
.Helvetica Neue Desk UI,.Helvetica Neue Desk UI Bold,HelveticaNeueDeskUI.ttc
.Helvetica Neue Desk UI,.Helvetica Neue Desk UI Italic,HelveticaNeueDeskUI.ttc
.Helvetica Neue Desk UI,.Helvetica Neue Desk UI Regular,HelveticaNeueDeskUI.ttc
.Keyboard,.Keyboard,Keyboard.ttf
.Savoye LET CC.,Savoye LET Plain CC.:1.0,Savoye LET.ttc
.Times LT MM,.Times LT MM,Times LT MM
.Times LT MM,.Times LT MM,TimesLTMM
Al Bayan,Al Bayan Bold,AlBayanBold.ttf
Al Bayan,Al Bayan Plain,AlBayan.ttf
Al Nile,Al Nile Bold,Al Nile.ttc
Al Nile,Al Nile,Al Nile.ttc
Al Tarikh,Al Tarikh,Al Tarikh.ttc
American Typewriter,American Typewriter Bold,AmericanTypewriter.ttc
American Typewriter,American Typewriter Condensed Bold,AmericanTypewriter.ttc
American Typewriter,American Typewriter Condensed Light,AmericanTypewriter.ttc
American Typewriter,American Typewriter Condensed,AmericanTypewriter.ttc
American Typewriter,American Typewriter Light,AmericanTypewriter.ttc
American Typewriter,American Typewriter,AmericanTypewriter.ttc
Andale Mono,Andale Mono,Andale Mono.ttf
Apple Braille,Apple Braille Outline 6 Dot,Apple Braille Outline 6 Dot.ttf
Apple Braille,Apple Braille Outline 8 Dot,Apple Braille Outline 8 Dot.ttf
Apple Braille,Apple Braille Pinpoint 6 Dot,Apple Braille Pinpoint 6 Dot.ttf
Apple Braille,Apple Braille Pinpoint 8 Dot,Apple Braille Pinpoint 8 Dot.ttf
Apple Braille,Apple Braille,Apple Braille.ttf
Apple Chancery,Apple Chancery,Apple Chancery.ttf
Apple Color Emoji,Apple Color Emoji,Apple Color Emoji.ttf
Apple LiGothic,Apple LiGothic Medium,Apple LiGothic Medium.ttf
Apple LiSung,Apple LiSung Light,Apple LiSung Light.ttf
Apple SD Gothic Neo,Apple SD Gothic Neo Bold,AppleSDGothicNeo-Bold.otf
Apple SD Gothic Neo,Apple SD Gothic Neo ExtraBold,AppleSDGothicNeo-ExtraBold.otf
Apple SD Gothic Neo,Apple SD Gothic Neo Heavy,AppleSDGothicNeo-Heavy.otf
Apple SD Gothic Neo,Apple SD Gothic Neo Light,AppleSDGothicNeo-Light.otf
Apple SD Gothic Neo,Apple SD Gothic Neo Medium,AppleSDGothicNeo-Medium.otf
Apple SD Gothic Neo,Apple SD Gothic Neo Regular,AppleSDGothicNeo-Regular.otf
Apple SD Gothic Neo,Apple SD Gothic Neo SemiBold,AppleSDGothicNeo-SemiBold.otf
Apple SD Gothic Neo,Apple SD Gothic Neo Thin,AppleSDGothicNeo-Thin.otf
Apple SD Gothic Neo,Apple SD Gothic Neo UltraLight,AppleSDGothicNeo-UltraLight.otf
Apple Symbols,Apple Symbols,Apple Symbols.ttf
AppleGothic,AppleGothic Regular,AppleGothic.ttf
AppleMyungjo,AppleMyungjo Regular,AppleMyungjo.ttf
AquaKana,AquaKana Bold,AquaKana.ttc
AquaKana,AquaKana,AquaKana.ttc
Arial Hebrew,Arial Hebrew Bold,ArialHB.ttc
Arial Hebrew,Arial Hebrew Light,ArialHB.ttc
Arial Hebrew,Arial Hebrew,ArialHB.ttc
Arial Narrow,Arial Narrow Bold Italic,Arial Narrow Bold Italic.ttf
Arial Narrow,Arial Narrow Bold,Arial Narrow Bold.ttf
Arial Narrow,Arial Narrow Italic,Arial Narrow Italic.ttf
Arial Narrow,Arial Narrow,Arial Narrow.ttf
Arial Rounded MT Bold,Arial Rounded MT Bold,Arial Rounded Bold.ttf
Arial,Arial Black,Arial Black.ttf
Arial,Arial Bold Italic,Arial Bold Italic.ttf
Arial,Arial Bold,Arial Bold.ttf
Arial,Arial Italic,Arial Italic.ttf
Arial,Arial Unicode MS,Arial Unicode.ttf
Arial,Arial,Arial.ttf
Athelas,Athelas Bold Italic,Athelas.ttc
Athelas,Athelas Bold,Athelas.ttc
Athelas,Athelas Italic,Athelas.ttc
Athelas,Athelas Regular,Athelas.ttc
Avenir Next Condensed,Avenir Next Condensed Bold Italic,Avenir Next Condensed.ttc
Avenir Next Condensed,Avenir Next Condensed Bold,Avenir Next Condensed.ttc
Avenir Next Condensed,Avenir Next Condensed Demi Bold Italic,Avenir Next Condensed.ttc
Avenir Next Condensed,Avenir Next Condensed Demi Bold,Avenir Next Condensed.ttc
Avenir Next Condensed,Avenir Next Condensed Heavy Italic,Avenir Next Condensed.ttc
Avenir Next Condensed,Avenir Next Condensed Heavy,Avenir Next Condensed.ttc
Avenir Next Condensed,Avenir Next Condensed Italic,Avenir Next Condensed.ttc
Avenir Next Condensed,Avenir Next Condensed Medium Italic,Avenir Next Condensed.ttc
Avenir Next Condensed,Avenir Next Condensed Medium,Avenir Next Condensed.ttc
Avenir Next Condensed,Avenir Next Condensed Regular,Avenir Next Condensed.ttc
Avenir Next Condensed,Avenir Next Condensed Ultra Light Italic,Avenir Next Condensed.ttc
Avenir Next Condensed,Avenir Next Condensed Ultra Light,Avenir Next Condensed.ttc
Avenir Next,Avenir Next Bold Italic,Avenir Next.ttc
Avenir Next,Avenir Next Bold,Avenir Next.ttc
Avenir Next,Avenir Next Demi Bold Italic,Avenir Next.ttc
Avenir Next,Avenir Next Demi Bold,Avenir Next.ttc
Avenir Next,Avenir Next Heavy Italic,Avenir Next.ttc
Avenir Next,Avenir Next Heavy,Avenir Next.ttc
Avenir Next,Avenir Next Italic,Avenir Next.ttc
Avenir Next,Avenir Next Medium Italic,Avenir Next.ttc
Avenir Next,Avenir Next Medium,Avenir Next.ttc
Avenir Next,Avenir Next Regular,Avenir Next.ttc
Avenir Next,Avenir Next Ultra Light Italic,Avenir Next.ttc
Avenir Next,Avenir Next Ultra Light,Avenir Next.ttc
Avenir,Avenir Black Oblique,Avenir.ttc
Avenir,Avenir Black,Avenir.ttc
Avenir,Avenir Book Oblique,Avenir.ttc
Avenir,Avenir Book,Avenir.ttc
Avenir,Avenir Heavy Oblique,Avenir.ttc
Avenir,Avenir Heavy,Avenir.ttc
Avenir,Avenir Light Oblique,Avenir.ttc
Avenir,Avenir Light,Avenir.ttc
Avenir,Avenir Medium Oblique,Avenir.ttc
Avenir,Avenir Medium,Avenir.ttc
Avenir,Avenir Oblique,Avenir.ttc
Avenir,Avenir Roman,Avenir.ttc
Ayuthaya,Ayuthaya,Ayuthaya.ttf
Baghdad,Baghdad Regular,Baghdad.ttf
Bangla MN,Bangla MN Bold,Bangla MN.ttc
Bangla MN,Bangla MN,Bangla MN.ttc
Bangla Sangam MN,Bangla Sangam MN Bold,Bangla Sangam MN.ttc
Bangla Sangam MN,Bangla Sangam MN,Bangla Sangam MN.ttc
Baoli SC,Baoli SC Regular,Baoli.ttc
Baskerville,Baskerville Bold Italic,Baskerville.ttc
Baskerville,Baskerville Bold,Baskerville.ttc
Baskerville,Baskerville Italic,Baskerville.ttc
Baskerville,Baskerville SemiBold Italic,Baskerville.ttc
Baskerville,Baskerville SemiBold,Baskerville.ttc
Baskerville,Baskerville,Baskerville.ttc
Beirut,Beirut Regular,Beirut.ttc
BiauKai,BiauKai,BiauKai.ttf
Big Caslon,Big Caslon Medium,BigCaslon.ttf
Brush Script MT,Brush Script MT Italic,Brush Script.ttf
Chalkboard,Chalkboard Bold,Chalkboard.ttc
Chalkboard,Chalkboard SE Bold,ChalkboardSE.ttc
Chalkboard,Chalkboard SE Light,ChalkboardSE.ttc
Chalkboard,Chalkboard SE Regular,ChalkboardSE.ttc
Chalkboard,Chalkboard,Chalkboard.ttc
Chalkduster,Chalkduster,Chalkduster.ttf
Charcoal CY,Charcoal CY,CharcoalCY.dfont
Charter,Charter Black Italic,Charter.ttc
Charter,Charter Black,Charter.ttc
Charter,Charter Bold Italic,Charter.ttc
Charter,Charter Bold,Charter.ttc
Charter,Charter Italic,Charter.ttc
Charter,Charter Roman,Charter.ttc
Cochin,Cochin Bold Italic,Cochin.ttc
Cochin,Cochin Bold,Cochin.ttc
Cochin,Cochin Italic,Cochin.ttc
Cochin,Cochin,Cochin.ttc
Comic Sans MS,Comic Sans MS Bold,Comic Sans MS Bold.ttf
Comic Sans MS,Comic Sans MS,Comic Sans MS.ttf
Copperplate,Copperplate Bold,Copperplate.ttc
Copperplate,Copperplate Light,Copperplate.ttc
Copperplate,Copperplate,Copperplate.ttc
Corsiva Hebrew,Corsiva Hebrew Bold,Corsiva.ttc
Corsiva Hebrew,Corsiva Hebrew,Corsiva.ttc
Courier New,Courier New Bold Italic,Courier New Bold Italic.ttf
Courier New,Courier New Bold,Courier New Bold.ttf
Courier New,Courier New Italic,Courier New Italic.ttf
Courier New,Courier New,Courier New.ttf
Courier,Courier Bold Oblique,Courier.dfont
Courier,Courier Bold,Courier.dfont
Courier,Courier Oblique,Courier.dfont
Courier,Courier,Courier.dfont
DIN Alternate,DIN Alternate Bold,DIN Alternate Bold.ttf
DIN Condensed,DIN Condensed Bold,DIN Condensed Bold.ttf
Damascus,Damascus Bold,Damascus.ttc
Damascus,Damascus Light,Damascus.ttc
Damascus,Damascus Medium,Damascus.ttc
Damascus,Damascus Regular,Damascus.ttc
Damascus,Damascus Semi Bold,Damascus.ttc
DecoType Naskh,DecoType Naskh Regular,DecoTypeNaskh.ttf
Devanagari MT,Devanagari MT Bold,DevanagariMTBold.ttf
Devanagari MT,Devanagari MT,DevanagariMT.ttf
Devanagari Sangam MN,Devanagari Sangam MN Bold,Devanagari Sangam MN.ttc
Devanagari Sangam MN,Devanagari Sangam MN,Devanagari Sangam MN.ttc
Didot,Didot Bold,Didot.ttc
Didot,Didot Italic,Didot.ttc
Didot,Didot,Didot.ttc
Diwan Kufi,Diwan Kufi Regular,Diwan Kufi.ttc
Diwan Mishafi,Diwan Mishafi,Mishafi.ttc
Diwan Thuluth,Diwan Thuluth Regular,Diwan Thuluth.ttc
Euphemia UCAS,Euphemia UCAS Bold,EuphemiaCAS.ttc
Euphemia UCAS,Euphemia UCAS Italic,EuphemiaCAS.ttc
Euphemia UCAS,Euphemia UCAS,EuphemiaCAS.ttc
Farah,Farah Regular,Farah.ttc
Farisi,Farisi Regular,Farisi.ttc
Futura,Futura Condensed ExtraBold,Futura.ttc
Futura,Futura Condensed Medium,Futura.ttc
Futura,Futura Medium Italic,Futura.ttc
Futura,Futura Medium,Futura.ttc
GB18030 Bitmap,GB18030 Bitmap,NISC18030.ttf
Geeza Pro,Geeza Pro Bold,Geeza Pro Bold.ttf
Geeza Pro,Geeza Pro Regular,Geeza Pro.ttf
Geneva CY,Geneva CY,GenevaCY.dfont
Geneva,Geneva,Geneva.dfont
Georgia,Georgia Bold Italic,Georgia Bold Italic.ttf
Georgia,Georgia Bold,Georgia Bold.ttf
Georgia,Georgia Italic,Georgia Italic.ttf
Georgia,Georgia,Georgia.ttf
Gill Sans,Gill Sans Bold Italic,GillSans.ttc
Gill Sans,Gill Sans Bold,GillSans.ttc
Gill Sans,Gill Sans Italic,GillSans.ttc
Gill Sans,Gill Sans Light Italic,GillSans.ttc
Gill Sans,Gill Sans Light,GillSans.ttc
Gill Sans,Gill Sans SemiBold Italic,GillSans.ttc
Gill Sans,Gill Sans SemiBold,GillSans.ttc
Gill Sans,Gill Sans UltraBold,GillSans.ttc
Gill Sans,Gill Sans,GillSans.ttc
Gujarati MT,Gujarati MT Bold,GujaratiMTBold.ttf
Gujarati MT,Gujarati MT,GujaratiMT.ttf
Gujarati Sangam MN,Gujarati Sangam MN Bold,Gujarati Sangam MN.ttc
Gujarati Sangam MN,Gujarati Sangam MN,Gujarati Sangam MN.ttc
GungSeo,GungSeo Regular,Gungseouche.ttf
Gurmukhi MN,Gurmukhi MN Bold,Gurmukhi MN.ttc
Gurmukhi MN,Gurmukhi MN,Gurmukhi MN.ttc
Gurmukhi MT,Gurmukhi MT,Gurmukhi.ttf
Gurmukhi Sangam MN,Gurmukhi Sangam MN Bold,Gurmukhi Sangam MN.ttc
Gurmukhi Sangam MN,Gurmukhi Sangam MN,Gurmukhi Sangam MN.ttc
Hannotate SC,Hannotate SC Bold,Hannotate.ttc
Hannotate SC,Hannotate SC Regular,Hannotate.ttc
Hannotate TC,Hannotate TC Bold,Hannotate.ttc
Hannotate TC,Hannotate TC Regular,Hannotate.ttc
HanziPen SC,HanziPen SC Bold,Hanzipen.ttc
HanziPen SC,HanziPen SC Regular,Hanzipen.ttc
HanziPen TC,HanziPen TC Bold,Hanzipen.ttc
HanziPen TC,HanziPen TC Regular,Hanzipen.ttc
HeadlineA,HeadlineA,HeadlineA.ttf
Hei,Hei Regular,Hei.ttf
Heiti SC,Heiti SC Light,STHeiti Light.ttc
Heiti SC,Heiti SC Medium,STHeiti Medium.ttc
Heiti TC,Heiti TC Light,STHeiti Light.ttc
Heiti TC,Heiti TC Medium,STHeiti Medium.ttc
Helvetica CY,Helvetica CY Bold,HelveticaCY.dfont
Helvetica CY,Helvetica CY BoldOblique,HelveticaCY.dfont
Helvetica CY,Helvetica CY Oblique,HelveticaCY.dfont
Helvetica CY,Helvetica CY Plain,HelveticaCY.dfont
Helvetica Neue,Helvetica Neue Bold Italic,HelveticaNeue.dfont
Helvetica Neue,Helvetica Neue Bold,HelveticaNeue.dfont
Helvetica Neue,Helvetica Neue Condensed Black,HelveticaNeue.dfont
Helvetica Neue,Helvetica Neue Condensed Bold,HelveticaNeue.dfont
Helvetica Neue,Helvetica Neue Italic,HelveticaNeue.dfont
Helvetica Neue,Helvetica Neue Light Italic,HelveticaNeue.dfont
Helvetica Neue,Helvetica Neue Light,HelveticaNeue.dfont
Helvetica Neue,Helvetica Neue Medium Italic,HelveticaNeue.dfont
Helvetica Neue,Helvetica Neue Medium,HelveticaNeue.dfont
Helvetica Neue,Helvetica Neue Thin Italic,HelveticaNeue.dfont
Helvetica Neue,Helvetica Neue Thin,HelveticaNeue.dfont
Helvetica Neue,Helvetica Neue UltraLight Italic,HelveticaNeue.dfont
Helvetica Neue,Helvetica Neue UltraLight,HelveticaNeue.dfont
Helvetica Neue,Helvetica Neue,HelveticaNeue.dfont
Helvetica,Helvetica Bold Oblique,Helvetica.dfont
Helvetica,Helvetica Bold,Helvetica.dfont
Helvetica,Helvetica Light Oblique,Helvetica.dfont
Helvetica,Helvetica Light,Helvetica.dfont
Helvetica,Helvetica Oblique,Helvetica.dfont
Helvetica,Helvetica,Helvetica.dfont
Herculanum,Herculanum,Herculanum.ttf
Hiragino Kaku Gothic Pro,Hiragino Kaku Gothic Pro W3,ヒラギノ角ゴ Pro W3.otf
Hiragino Kaku Gothic Pro,Hiragino Kaku Gothic Pro W6,ヒラギノ角ゴ Pro W6.otf
Hiragino Kaku Gothic ProN,Hiragino Kaku Gothic ProN W3,ヒラギノ角ゴ ProN W3.otf
Hiragino Kaku Gothic ProN,Hiragino Kaku Gothic ProN W6,ヒラギノ角ゴ ProN W6.otf
Hiragino Kaku Gothic Std,Hiragino Kaku Gothic Std W8,ヒラギノ角ゴ Std W8.otf
Hiragino Kaku Gothic StdN,Hiragino Kaku Gothic StdN W8,ヒラギノ角ゴ StdN W8.otf
Hiragino Maru Gothic Pro,Hiragino Maru Gothic Pro W4,ヒラギノ丸ゴ Pro W4.otf
Hiragino Maru Gothic ProN,Hiragino Maru Gothic ProN W4,ヒラギノ丸ゴ ProN W4.otf
Hiragino Mincho Pro,Hiragino Mincho Pro W3,ヒラギノ明朝 Pro W3.otf
Hiragino Mincho Pro,Hiragino Mincho Pro W6,ヒラギノ明朝 Pro W6.otf
Hiragino Mincho ProN,Hiragino Mincho ProN W3,ヒラギノ明朝 ProN W3.otf
Hiragino Mincho ProN,Hiragino Mincho ProN W6,ヒラギノ明朝 ProN W6.otf
Hiragino Sans GB,Hiragino Sans GB W3,Hiragino Sans GB W3.otf
Hiragino Sans GB,Hiragino Sans GB W6,Hiragino Sans GB W6.otf
Hoefler Text Ornaments,Hoefler Text Ornaments,Hoefler Text Ornaments.ttf
Hoefler Text,Hoefler Text Black Italic,Hoefler Text.ttc
Hoefler Text,Hoefler Text Black,Hoefler Text.ttc
Hoefler Text,Hoefler Text Italic,Hoefler Text.ttc
Hoefler Text,Hoefler Text,Hoefler Text.ttc
Impact,Impact,Impact.ttf
InaiMathi,InaiMathi,InaiMathi.ttf
Iowan Old Style,Iowan Old Style Black Italic,Iowan Old Style.ttc
Iowan Old Style,Iowan Old Style Black,Iowan Old Style.ttc
Iowan Old Style,Iowan Old Style Bold Italic,Iowan Old Style.ttc
Iowan Old Style,Iowan Old Style Bold,Iowan Old Style.ttc
Iowan Old Style,Iowan Old Style Italic,Iowan Old Style.ttc
Iowan Old Style,Iowan Old Style Roman,Iowan Old Style.ttc
Iowan Old Style,Iowan Old Style Titling,Iowan Old Style.ttc
Kai,Kai Regular,Kai.ttf
Kailasa,Kailasa Regular,Kailasa.ttf
Kaiti SC,Kaiti SC Black,Kaiti.ttc
Kaiti SC,Kaiti SC Bold,Kaiti.ttc
Kaiti SC,Kaiti SC Regular,Kaiti.ttc
Kaiti TC,Kaiti TC Bold,Kaiti.ttc
Kaiti TC,Kaiti TC Regular,Kaiti.ttc
Kannada MN,Kannada MN Bold,Kannada MN.ttc
Kannada MN,Kannada MN,Kannada MN.ttc
Kannada Sangam MN,Kannada Sangam MN Bold,Kannada Sangam MN.ttc
Kannada Sangam MN,Kannada Sangam MN,Kannada Sangam MN.ttc
Kefa,Kefa Bold,Kefa.ttc
Kefa,Kefa Regular,Kefa.ttc
Khmer MN,Khmer MN Bold,Khmer MN.ttc
Khmer MN,Khmer MN,Khmer MN.ttc
Khmer Sangam MN,Khmer Sangam MN,Khmer Sangam MN.ttf
Kokonor,Kokonor Regular,Kokonor.ttf
Krungthep,Krungthep,Krungthep.ttf
KufiStandardGK,KufiStandardGK Regular,KufiStandardGK.ttf
Lantinghei SC,Lantinghei SC Demibold,Lantinghei.ttc
Lantinghei SC,Lantinghei SC Extralight,Lantinghei.ttc
Lantinghei SC,Lantinghei SC Heavy,Lantinghei.ttc
Lantinghei TC,Lantinghei TC Demibold,Lantinghei.ttc
Lantinghei TC,Lantinghei TC Extralight,Lantinghei.ttc
Lantinghei TC,Lantinghei TC Heavy,Lantinghei.ttc
Lao MN,Lao MN Bold,Lao MN.ttc
Lao MN,Lao MN,Lao MN.ttc
Lao Sangam MN,Lao Sangam MN,Lao Sangam MN.ttf
LastResort,LastResort,LastResort.ttf
LiHei Pro,LiHei Pro,儷黑 Pro.ttf
LiSong Pro,LiSong Pro,儷宋 Pro.ttf
Libian SC,Libian SC Regular,Libian.ttc
Lucida Grande,Lucida Grande Bold,LucidaGrande.ttc
Lucida Grande,Lucida Grande,LucidaGrande.ttc
Malayalam MN,Malayalam MN Bold,Malayalam MN.ttc
Malayalam MN,Malayalam MN,Malayalam MN.ttc
Malayalam Sangam MN,Malayalam Sangam MN Bold,Malayalam Sangam MN.ttc
Malayalam Sangam MN,Malayalam Sangam MN,Malayalam Sangam MN.ttc
Marion,Marion Bold,Marion.ttc
Marion,Marion Italic,Marion.ttc
Marion,Marion,Marion.ttc
Marker Felt,Marker Felt Thin,MarkerFelt.ttc
Marker Felt,Marker Felt Wide,MarkerFelt.ttc
Menlo,Menlo Bold Italic,Menlo.ttc
Menlo,Menlo Bold,Menlo.ttc
Menlo,Menlo Italic,Menlo.ttc
Menlo,Menlo Regular,Menlo.ttc
Microsoft Sans Serif,Microsoft Sans Serif,Microsoft Sans Serif.ttf
Monaco,Monaco,Monaco.dfont
Mshtakan,Mshtakan Bold Oblique,MshtakanBoldOblique.ttf
Mshtakan,Mshtakan Bold,MshtakanBold.ttf
Mshtakan,Mshtakan Oblique,MshtakanOblique.ttf
Mshtakan,Mshtakan Regular,MshtakanRegular.ttf
Muna,Muna Black,Muna.ttc
Muna,Muna Bold,Muna.ttc
Muna,Muna Regular,Muna.ttc
Myanmar MN,Myanmar MN Bold,Myanmar MN.ttc
Myanmar MN,Myanmar MN,Myanmar MN.ttc
Myanmar Sangam MN,Myanmar Sangam MN,Myanmar Sangam MN.ttf
Nadeem,Nadeem Regular,Nadeem.ttf
Nanum Gothic,NanumGothic Bold,NanumGothic.ttc
Nanum Gothic,NanumGothic ExtraBold,NanumGothic.ttc
Nanum Gothic,NanumGothic,NanumGothic.ttc
Nanum Myeongjo,NanumMyeongjo Bold,NanumMyeongjo.ttc
Nanum Myeongjo,NanumMyeongjo ExtraBold,NanumMyeongjo.ttc
Nanum Myeongjo,NanumMyeongjo,NanumMyeongjo.ttc
Nanum Script,Nanum Brush Script,NanumScript.ttc
Nanum Script,Nanum Pen Script,NanumScript.ttc
New Peninim MT,New Peninim MT Bold Inclined,NewPeninimMT.ttc
New Peninim MT,New Peninim MT Bold,NewPeninimMT.ttc
New Peninim MT,New Peninim MT Inclined,NewPeninimMT.ttc
New Peninim MT,New Peninim MT,NewPeninimMT.ttc
Noteworthy,Noteworthy Bold,Noteworthy.ttc
Noteworthy,Noteworthy Light,Noteworthy.ttc
Optima,Optima Bold Italic,Optima.ttc
Optima,Optima Bold,Optima.ttc
Optima,Optima ExtraBlack,Optima.ttc
Optima,Optima Italic,Optima.ttc
Optima,Optima Regular,Optima.ttc
Oriya MN,Oriya MN Bold,Oriya MN.ttc
Oriya MN,Oriya MN,Oriya MN.ttc
Oriya Sangam MN,Oriya Sangam MN Bold,Oriya Sangam MN.ttc
Oriya Sangam MN,Oriya Sangam MN,Oriya Sangam MN.ttc
Osaka Mono,Osaka Mono,OsakaMono.ttf
Osaka,Osaka,Osaka.ttf
PCMyungjo,PCMyungjo Regular,PCmyoungjo.ttf
PT Mono,PT Mono Bold,PTMono.ttc
PT Mono,PT Mono,PTMono.ttc
PT Sans Caption,PT Sans Caption Bold,PTSans.ttc
PT Sans Caption,PT Sans Caption,PTSans.ttc
PT Sans Narrow,PT Sans Narrow Bold,PTSans.ttc
PT Sans Narrow,PT Sans Narrow,PTSans.ttc
PT Sans,PT Sans Bold Italic,PTSans.ttc
PT Sans,PT Sans Bold,PTSans.ttc
PT Sans,PT Sans Italic,PTSans.ttc
PT Sans,PT Sans,PTSans.ttc
PT Serif Caption,PT Serif Caption Italic,PTSerifCaption.ttc
PT Serif Caption,PT Serif Caption,PTSerifCaption.ttc
PT Serif,PT Serif Bold Italic,PTSerif.ttc
PT Serif,PT Serif Bold,PTSerif.ttc
PT Serif,PT Serif Italic,PTSerif.ttc
PT Serif,PT Serif,PTSerif.ttc
Palatino,Palatino Bold Italic,Palatino.ttc
Palatino,Palatino Bold,Palatino.ttc
Palatino,Palatino Italic,Palatino.ttc
Palatino,Palatino,Palatino.ttc
Papyrus,Papyrus Condensed,Papyrus.ttc
Papyrus,Papyrus,Papyrus.ttc
PilGi,PilGi Regular,Pilgiche.ttf
Plantagenet Cherokee,Plantagenet Cherokee,PlantagenetCherokee.ttf
Raanana,Raanana Bold,Raanana.ttc
Raanana,Raanana,Raanana.ttc
STFangSong,STFangSong,华文仿宋.ttf
STHeiti,STHeiti Light,华文细黑.ttf
STHeiti,STHeiti Regular,华文黑体.ttf
STHeiti,STXihei,华文细黑.ttf
STIXGeneral,STIXGeneral Bold Italic,STIXGeneralBolIta.otf
STIXGeneral,STIXGeneral Bold,STIXGeneralBol.otf
STIXGeneral,STIXGeneral Italic,STIXGeneralItalic.otf
STIXGeneral,STIXGeneral,STIXGeneral.otf
STIXIntegralsD-Bold,STIXIntegralsD-Bold,STIXIntDBol.otf
STIXIntegralsD-Regular,STIXIntegralsD-Regular,STIXIntDReg.otf
STIXIntegralsSm-Bold,STIXIntegralsSm-Bold,STIXIntSmBol.otf
STIXIntegralsSm-Regular,STIXIntegralsSm-Regular,STIXIntSmReg.otf
STIXIntegralsUp-Bold,STIXIntegralsUp-Bold,STIXIntUpBol.otf
STIXIntegralsUp-Regular,STIXIntegralsUp-Regular,STIXIntUpReg.otf
STIXIntegralsUpD-Bold,STIXIntegralsUpD-Bold,STIXIntUpDBol.otf
STIXIntegralsUpD-Regular,STIXIntegralsUpD-Regular,STIXIntUpDReg.otf
STIXIntegralsUpSm-Bold,STIXIntegralsUpSm-Bold,STIXIntUpSmBol.otf
STIXIntegralsUpSm-Regular,STIXIntegralsUpSm-Regular,STIXIntUpSmReg.otf
STIXNonUnicode-Bold,STIXNonUnicode-Bold,STIXNonUniBol.otf
STIXNonUnicode-BoldItalic,STIXNonUnicode-BoldItalic,STIXNonUniBolIta.otf
STIXNonUnicode-Italic,STIXNonUnicode-Italic,STIXNonUniIta.otf
STIXNonUnicode-Regular,STIXNonUnicode-Regular,STIXNonUni.otf
STIXSizeFiveSym-Regular,STIXSizeFiveSym-Regular,STIXSizFiveSymReg.otf
STIXSizeFourSym-Bold,STIXSizeFourSym-Bold,STIXSizFourSymBol.otf
STIXSizeFourSym-Regular,STIXSizeFourSym-Regular,STIXSizFourSymReg.otf
STIXSizeOneSym-Bold,STIXSizeOneSym-Bold,STIXSizOneSymBol.otf
STIXSizeOneSym-Regular,STIXSizeOneSym-Regular,STIXSizOneSymReg.otf
STIXSizeThreeSym-Bold,STIXSizeThreeSym-Bold,STIXSizThreeSymBol.otf
STIXSizeThreeSym-Regular,STIXSizeThreeSym-Regular,STIXSizThreeSymReg.otf
STIXSizeTwoSym-Bold,STIXSizeTwoSym-Bold,STIXSizTwoSymBol.otf
STIXSizeTwoSym-Regular,STIXSizeTwoSym-Regular,STIXSizTwoSymReg.otf
STIXVariants-Bold,STIXVariants-Bold,STIXVarBol.otf
STIXVariants-Regular,STIXVariants-Regular,STIXVar.otf
STKaiti,STKaiti,Kaiti.ttc
STSong,STSong,Songti.ttc
Sana,Sana Regular,Sana.ttc
Sathu,Sathu,Sathu.ttf
Savoye LET,Savoye LET Plain:1.0,Savoye LET.ttc
Seravek,Seravek Bold Italic,Seravek.ttc
Seravek,Seravek Bold,Seravek.ttc
Seravek,Seravek ExtraLight Italic,Seravek.ttc
Seravek,Seravek ExtraLight,Seravek.ttc
Seravek,Seravek Italic,Seravek.ttc
Seravek,Seravek Light Italic,Seravek.ttc
Seravek,Seravek Light,Seravek.ttc
Seravek,Seravek Medium Italic,Seravek.ttc
Seravek,Seravek Medium,Seravek.ttc
Seravek,Seravek,Seravek.ttc
Silom,Silom,Silom.ttf
Sinhala MN,Sinhala MN Bold,Sinhala MN.ttc
Sinhala MN,Sinhala MN,Sinhala MN.ttc
Sinhala Sangam MN,Sinhala Sangam MN Bold,Sinhala Sangam MN.ttc
Sinhala Sangam MN,Sinhala Sangam MN,Sinhala Sangam MN.ttc
Skia,Skia,Skia.ttf
Snell Roundhand,Snell Roundhand Black,SnellRoundhand.ttc
Snell Roundhand,Snell Roundhand Bold,SnellRoundhand.ttc
Snell Roundhand,Snell Roundhand,SnellRoundhand.ttc
Songti SC,Songti SC Black,Songti.ttc
Songti SC,Songti SC Bold,Songti.ttc
Songti SC,Songti SC Light,Songti.ttc
Songti SC,Songti SC Regular,Songti.ttc
Songti TC,Songti TC Bold,Songti.ttc
Songti TC,Songti TC Light,Songti.ttc
Songti TC,Songti TC Regular,Songti.ttc
Superclarendon,Superclarendon Black Italic,SuperClarendon.ttc
Superclarendon,Superclarendon Black,SuperClarendon.ttc
Superclarendon,Superclarendon Bold Italic,SuperClarendon.ttc
Superclarendon,Superclarendon Bold,SuperClarendon.ttc
Superclarendon,Superclarendon Italic,SuperClarendon.ttc
Superclarendon,Superclarendon Light Italic,SuperClarendon.ttc
Superclarendon,Superclarendon Light,SuperClarendon.ttc
Superclarendon,Superclarendon Regular,SuperClarendon.ttc
Symbol,Symbol,Symbol.ttf
Tahoma,Tahoma Bold,Tahoma Bold.ttf
Tahoma,Tahoma,Tahoma.ttf
Tamil MN,Tamil MN Bold,Tamil MN.ttc
Tamil MN,Tamil MN,Tamil MN.ttc
Tamil Sangam MN,Tamil Sangam MN Bold,Tamil Sangam MN.ttc
Tamil Sangam MN,Tamil Sangam MN,Tamil Sangam MN.ttc
Telugu MN,Telugu MN Bold,Telugu MN.ttc
Telugu MN,Telugu MN,Telugu MN.ttc
Telugu Sangam MN,Telugu Sangam MN Bold,Telugu Sangam MN.ttc
Telugu Sangam MN,Telugu Sangam MN,Telugu Sangam MN.ttc
Thonburi,Thonburi Bold,Thonburi.ttc
Thonburi,Thonburi Light,Thonburi.ttc
Thonburi,Thonburi,Thonburi.ttc
Times New Roman,Times New Roman Bold Italic,Times New Roman Bold Italic.ttf
Times New Roman,Times New Roman Bold,Times New Roman Bold.ttf
Times New Roman,Times New Roman Italic,Times New Roman Italic.ttf
Times New Roman,Times New Roman,Times New Roman.ttf
Times,Times Bold Italic,Times.dfont
Times,Times Bold,Times.dfont
Times,Times Italic,Times.dfont
Times,Times Roman,Times.dfont
Times,Times,Times.dfont
Trebuchet MS,Trebuchet MS Bold Italic,Trebuchet MS Bold Italic.ttf
Trebuchet MS,Trebuchet MS Bold,Trebuchet MS Bold.ttf
Trebuchet MS,Trebuchet MS Italic,Trebuchet MS Italic.ttf
Trebuchet MS,Trebuchet MS,Trebuchet MS.ttf
Verdana,Verdana Bold Italic,Verdana Bold Italic.ttf
Verdana,Verdana Bold,Verdana Bold.ttf
Verdana,Verdana Italic,Verdana Italic.ttf
Verdana,Verdana,Verdana.ttf
Waseem,Waseem Light,Waseem.ttc
Waseem,Waseem Regular,Waseem.ttc
Wawati SC,Wawati SC Regular,WawaSC-Regular.otf
Wawati TC,Wawati TC Regular,WawaTC-Regular.otf
Webdings,Webdings,Webdings.ttf
Weibei SC Bold,Weibei SC Bold,WeibeiSC-Bold.otf
Weibei TC Bold,Weibei TC Bold,WeibeiTC-Bold.otf
Wingdings,Wingdings 2,Wingdings 2.ttf
Wingdings,Wingdings 3,Wingdings 3.ttf
Wingdings,Wingdings,Wingdings.ttf
Xingkai SC,Xingkai SC Bold,Xingkai.ttc
Xingkai SC,Xingkai SC Light,Xingkai.ttc
YuGothic Bold,YuGothic Bold,Yu Gothic Bold.otf
YuGothic Medium,YuGothic Medium,Yu Gothic Medium.otf
YuMincho,YuMincho Demibold,Yu Mincho Demibold.otf
YuMincho,YuMincho Medium,Yu Mincho Medium.otf
Yuanti SC,Yuanti SC Bold,Yuanti.ttc
Yuanti SC,Yuanti SC Light,Yuanti.ttc
Yuanti SC,Yuanti SC Regular,Yuanti.ttc
Yuppy SC Regular,Yuppy SC Regular,YuppySC-Regular.otf
Yuppy TC Regular,Yuppy TC Regular,YuppyTC-Regular.otf
Zapf Dingbats,Zapf Dingbats,ZapfDingbats.ttf
Zapfino,Zapfino,Zapfino.ttf
