Family,Name,Filename
Abyssinica SIL,Abyssinica SIL,AbyssinicaSIL-R.ttf
Andale Mono,Andale Mono,andalemo.ttf
Andale Mono,Andale Mono,Andale_Mono.ttf
Ani,Ani,ani.ttf
AnjaliOldLipi,AnjaliOldLipi,AnjaliOldLipi.ttf
Arial,Arial Bold Italic,Arial_Bold_Italic.ttf
Arial,Arial Bold,Arial_Bold.ttf
Arial,Arial Bold Italic,arialbi.ttf
Arial,Arial Italic,Arial_Italic.ttf
Arial,Arial,Arial.ttf
Arial,Arial Italic,ariali.ttf
Arial,Arial Bold,arialbd.ttf
Arial Black,Arial Black,Arial_Black.ttf
Arial Black,Arial Black,ariblk.ttf
Bitstream Charter,Bitstream Charter,c0649bt_.pfb
Bitstream Charter,Bitstream Charter,c0632bt_.pfb
Bitstream Charter,Bitstream Charter,c0633bt_.pfb
Bitstream Charter,Bitstream Charter,c0648bt_.pfb
Century Schoolbook L,Century Schoolbook L,c059033l.pfb
Century Schoolbook L,Century Schoolbook L,c059036l.pfb
Century Schoolbook L,Century Schoolbook L,c059013l.pfb
Century Schoolbook L,Century Schoolbook L,c059016l.pfb
Chandas,Chandas,chandas1-2.ttf
Chilanka,Chilanka Regular,Chilanka-Regular.ttf
Comic Sans MS,Comic Sans MS Bold,comicbd.ttf
Comic Sans MS,Comic Sans MS,Comic_Sans_MS.ttf
Comic Sans MS,Comic Sans MS,comic.ttf
Comic Sans MS,Comic Sans MS Bold,Comic_Sans_MS_Bold.ttf
Courier 10 Pitch,Courier 10 Pitch,c0419bt_.pfb
Courier 10 Pitch,Courier 10 Pitch,c0611bt_.pfb
Courier 10 Pitch,Courier 10 Pitch,c0583bt_.pfb
Courier 10 Pitch,Courier 10 Pitch,c0582bt_.pfb
Courier New,Courier New Italic,couri.ttf
Courier New,Courier New Bold,Courier_New_Bold.ttf
Courier New,Courier New,Courier_New.ttf
Courier New,Courier New Bold Italic,Courier_New_Bold_Italic.ttf
Courier New,Courier New Bold,courbd.ttf
Courier New,Courier New,cour.ttf
Courier New,Courier New Italic,Courier_New_Italic.ttf
Courier New,Courier New Bold Italic,courbi.ttf
DejaVu Sans,DejaVu Sans,DejaVuSans.ttf
DejaVu Sans,DejaVu Sans Bold,DejaVuSans-Bold.ttf
DejaVu Sans Mono,DejaVu Sans Mono Bold,DejaVuSansMono-Bold.ttf
DejaVu Sans Mono,DejaVu Sans Mono,DejaVuSansMono.ttf
DejaVu Serif,DejaVu Serif,DejaVuSerif.ttf
DejaVu Serif,DejaVu Serif Bold,DejaVuSerif-Bold.ttf
Dingbats,Dingbats,d050000l.pfb
Droid Sans Fallback,Droid Sans Fallback,DroidSansFallbackFull.ttf
Dyuthi,Dyuthi,Dyuthi.ttf
FontAwesome,FontAwesome,fontawesome-webfont.woff
FontAwesome,FontAwesome,FontAwesome.otf
FontAwesome,FontAwesome,fontawesome-webfont.ttf
FreeMono,FreeMono,FreeMono.ttf
FreeMono,FreeMono Bold,FreeMonoBold.ttf
FreeMono,FreeMono Bold Oblique,FreeMonoBoldOblique.ttf
FreeMono,FreeMono Oblique,FreeMonoOblique.ttf
FreeSans,FreeSans Oblique,FreeSansOblique.ttf
FreeSans,FreeSans,FreeSans.ttf
FreeSans,FreeSans Bold,FreeSansBold.ttf
FreeSans,FreeSans Bold Oblique,FreeSansBoldOblique.ttf
FreeSerif,FreeSerif Bold,FreeSerifBold.ttf
FreeSerif,FreeSerif Bold Italic,FreeSerifBoldItalic.ttf
FreeSerif,FreeSerif Italic,FreeSerifItalic.ttf
FreeSerif,FreeSerif,FreeSerif.ttf
Gargi,Gargi,Gargi.ttf
Garuda,Garuda Oblique,Garuda-Oblique.ttf
Garuda,Garuda Bold,Garuda-Bold.ttf
Garuda,Garuda,Garuda.ttf
Garuda,Garuda Bold Oblique,Garuda-BoldOblique.ttf
Georgia,Georgia Italic,georgiai.ttf
Georgia,Georgia Bold,georgiab.ttf
Georgia,Georgia Bold Italic,Georgia_Bold_Italic.ttf
Georgia,Georgia,Georgia.ttf
Georgia,Georgia Bold Italic,georgiaz.ttf
Georgia,Georgia Italic,Georgia_Italic.ttf
Georgia,Georgia Bold,Georgia_Bold.ttf
Gubbi,Gubbi,Gubbi.ttf
Impact,Impact,Impact.ttf
Jamrul,Jamrul,JamrulNormal.ttf
KacstArt,KacstArt,KacstArt.ttf
KacstBook,KacstBook,KacstBook.ttf
KacstDecorative,KacstDecorative,KacstDecorative.ttf
KacstDigital,KacstDigital,KacstDigital.ttf
KacstFarsi,KacstFarsi,KacstFarsi.ttf
KacstLetter,KacstLetter,KacstLetter.ttf
KacstNaskh,KacstNaskh,KacstNaskh.ttf
KacstOffice,KacstOffice,KacstOffice.ttf
KacstOne,KacstOne,KacstOne.ttf
KacstOne,KacstOne Bold,KacstOne-Bold.ttf
KacstPen,KacstPen,KacstPen.ttf
KacstPoster,KacstPoster,KacstPoster.ttf
KacstQurn,KacstQurn,KacstQurn.ttf
KacstScreen,KacstScreen,KacstScreen.ttf
KacstTitle,KacstTitle,KacstTitle.ttf
KacstTitleL,KacstTitleL,KacstTitleL.ttf
Kalapi,Kalapi,Kalapi.ttf
Kalimati,Kalimati,kalimati.ttf
Karumbi,Karumbi,Karumbi.ttf
Keraleeyam,Keraleeyam,Keraleeyam.ttf
Khmer OS,Khmer OS,KhmerOS.ttf
Khmer OS System,Khmer OS System,KhmerOSsys.ttf
Kinnari,Kinnari Bold,Kinnari-Bold.ttf
Kinnari,Kinnari Bold Oblique,Kinnari-BoldOblique.ttf
Kinnari,Kinnari,Kinnari.ttf
Kinnari,Kinnari Italic,Kinnari-Italic.ttf
Kinnari,Kinnari Oblique,Kinnari-Oblique.ttf
Kinnari,Kinnari Bold Italic,Kinnari-BoldItalic.ttf
LKLUG,LKLUG,lklug.ttf
Laksaman,Laksaman Bold,Laksaman-Bold.ttf
Laksaman,Laksaman Bold Italic,Laksaman-BoldItalic.ttf
Laksaman,Laksaman,Laksaman.ttf
Laksaman,Laksaman Italic,Laksaman-Italic.ttf
Lato,Lato Light Italic,Lato-LightItalic.ttf
Lato,Lato Medium,Lato-Medium.ttf
Lato,Lato Heavy Italic,Lato-HeavyItalic.ttf
Lato,Lato Thin,Lato-Thin.ttf
Lato,Lato Medium Italic,Lato-MediumItalic.ttf
Lato,Lato Italic,Lato-Italic.ttf
Lato,Lato Light,Lato-Light.ttf
Lato,Lato Thin Italic,Lato-ThinItalic.ttf
Lato,Lato Bold Italic,Lato-BoldItalic.ttf
Lato,Lato Hairline Italic,Lato-HairlineItalic.ttf
Lato,Lato Black Italic,Lato-BlackItalic.ttf
Lato,Lato Hairline,Lato-Hairline.ttf
Lato,Lato Black,Lato-Black.ttf
Lato,Lato Semibold,Lato-Semibold.ttf
Lato,Lato Regular,Lato-Regular.ttf
Lato,Lato Semibold Italic,Lato-SemiboldItalic.ttf
Lato,Lato Bold,Lato-Bold.ttf
Lato,Lato Heavy,Lato-Heavy.ttf
Liberation Mono,Liberation Mono Bold,LiberationMono-Bold.ttf
Liberation Mono,Liberation Mono Italic,LiberationMono-Italic.ttf
Liberation Mono,Liberation Mono Italic,LiberationMono-Italic.ttf
Liberation Mono,Liberation Mono Bold Italic,LiberationMono-BoldItalic.ttf
Liberation Mono,Liberation Mono,LiberationMono-Regular.ttf
Liberation Mono,Liberation Mono,LiberationMono-Regular.ttf
Liberation Mono,Liberation Mono Bold Italic,LiberationMono-BoldItalic.ttf
Liberation Mono,Liberation Mono Bold,LiberationMono-Bold.ttf
Liberation Sans,Liberation Sans Italic,LiberationSans-Italic.ttf
Liberation Sans,Liberation Sans Bold,LiberationSans-Bold.ttf
Liberation Sans,Liberation Sans Bold,LiberationSans-Bold.ttf
Liberation Sans,Liberation Sans,LiberationSans-Regular.ttf
Liberation Sans,Liberation Sans Bold Italic,LiberationSans-BoldItalic.ttf
Liberation Sans,Liberation Sans Bold Italic,LiberationSans-BoldItalic.ttf
Liberation Sans,Liberation Sans Italic,LiberationSans-Italic.ttf
Liberation Sans,Liberation Sans,LiberationSans-Regular.ttf
Liberation Sans Narrow,Liberation Sans Narrow,LiberationSansNarrow-Regular.ttf
Liberation Sans Narrow,Liberation Sans Narrow Bold,LiberationSansNarrow-Bold.ttf
Liberation Sans Narrow,Liberation Sans Narrow Bold Italic,LiberationSansNarrow-BoldItalic.ttf
Liberation Sans Narrow,Liberation Sans Narrow Italic,LiberationSansNarrow-Italic.ttf
Liberation Serif,Liberation Serif,LiberationSerif-Regular.ttf
Liberation Serif,Liberation Serif Italic,LiberationSerif-Italic.ttf
Liberation Serif,Liberation Serif Bold,LiberationSerif-Bold.ttf
Liberation Serif,Liberation Serif Bold Italic,LiberationSerif-BoldItalic.ttf
Liberation Serif,Liberation Serif Italic,LiberationSerif-Italic.ttf
Liberation Serif,Liberation Serif Bold,LiberationSerif-Bold.ttf
Liberation Serif,Liberation Serif Bold Italic,LiberationSerif-BoldItalic.ttf
Liberation Serif,Liberation Serif,LiberationSerif-Regular.ttf
Likhan,Likhan,LikhanNormal.ttf
Lohit Assamese,Lohit Assamese,Lohit-Assamese.ttf
Lohit Bengali,Lohit Bengali,Lohit-Bengali.ttf
Lohit Devanagari,Lohit Devanagari,Lohit-Devanagari.ttf
Lohit Gujarati,Lohit Gujarati,Lohit-Gujarati.ttf
Lohit Gurmukhi,Lohit Gurmukhi,Lohit-Gurmukhi.ttf
Lohit Kannada,Lohit Kannada,Lohit-Kannada.ttf
Lohit Malayalam,Lohit Malayalam,Lohit-Malayalam.ttf
Lohit Odia,Lohit Odia,Lohit-Odia.ttf
Lohit Tamil,Lohit Tamil,Lohit-Tamil.ttf
Lohit Tamil Classical,Lohit Tamil Classical,Lohit-Tamil-Classical.ttf
Lohit Telugu,Lohit Telugu,Lohit-Telugu.ttf
Loma,Loma,Loma.ttf
Loma,Loma Oblique,Loma-Oblique.ttf
Loma,Loma Bold Oblique,Loma-BoldOblique.ttf
Loma,Loma Bold,Loma-Bold.ttf
Manjari,Manjari Bold,Manjari-Bold.otf
Manjari,Manjari Regular,Manjari-Regular.otf
Manjari,Manjari Thin,Manjari-Thin.otf
Meera,Meera,Meera.ttf
Mitra Mono,Mitra Mono,mitra.ttf
Mukti Narrow,Mukti Narrow Bold,MuktiNarrowBold.ttf
Mukti Narrow,Mukti Narrow,MuktiNarrow.ttf
Nakula,Nakula,nakula.ttf
Navilu,Navilu,Navilu.ttf
Nimbus Mono L,Nimbus Mono L,n022003l.pfb
Nimbus Mono L,Nimbus Mono L,n022004l.pfb
Nimbus Mono L,Nimbus Mono L,n022023l.pfb
Nimbus Mono L,Nimbus Mono L,n022024l.pfb
Nimbus Roman No9 L,Nimbus Roman No9 L,n021004l.pfb
Nimbus Roman No9 L,Nimbus Roman No9 L,n021003l.pfb
Nimbus Roman No9 L,Nimbus Roman No9 L,n021024l.pfb
Nimbus Roman No9 L,Nimbus Roman No9 L,n021023l.pfb
Nimbus Sans L,Nimbus Sans L,n019004l.pfb
Nimbus Sans L,Nimbus Sans L,n019003l.pfb
Nimbus Sans L,Nimbus Sans L,n019024l.pfb
Nimbus Sans L,Nimbus Sans L,n019044l.pfb
Nimbus Sans L,Nimbus Sans L,n019023l.pfb
Nimbus Sans L,Nimbus Sans L,n019043l.pfb
Nimbus Sans L,Nimbus Sans L,n019064l.pfb
Nimbus Sans L,Nimbus Sans L,n019063l.pfb
Norasi,Norasi,Norasi.ttf
Norasi,Norasi Bold Oblique,Norasi-BoldOblique.ttf
Norasi,Norasi Bold,Norasi-Bold.ttf
Norasi,Norasi Italic,Norasi-Italic.ttf
Norasi,Norasi Bold Italic,Norasi-BoldItalic.ttf
Norasi,Norasi Oblique,Norasi-Oblique.ttf
Noto Color Emoji,Noto Color Emoji,NotoColorEmoji.ttf
Noto Mono,Noto Mono,NotoMono-Regular.ttf
Noto Sans CJK HK,Noto Sans CJK HK Bold,NotoSansCJK-Bold.ttc
Noto Sans CJK HK,Noto Sans CJK HK,NotoSansCJK-Regular.ttc
Noto Sans CJK JP,Noto Sans CJK JP Bold,NotoSansCJK-Bold.ttc
Noto Sans CJK JP,Noto Sans CJK JP,NotoSansCJK-Regular.ttc
Noto Sans CJK KR,Noto Sans CJK KR Bold,NotoSansCJK-Bold.ttc
Noto Sans CJK KR,Noto Sans CJK KR,NotoSansCJK-Regular.ttc
Noto Sans CJK SC,Noto Sans CJK SC Bold,NotoSansCJK-Bold.ttc
Noto Sans CJK SC,Noto Sans CJK SC,NotoSansCJK-Regular.ttc
Noto Sans CJK TC,Noto Sans CJK TC Bold,NotoSansCJK-Bold.ttc
Noto Sans CJK TC,Noto Sans CJK TC,NotoSansCJK-Regular.ttc
Noto Sans Mono CJK HK,Noto Sans Mono CJK HK Bold,NotoSansCJK-Bold.ttc
Noto Sans Mono CJK HK,Noto Sans Mono CJK HK,NotoSansCJK-Regular.ttc
Noto Sans Mono CJK JP,Noto Sans Mono CJK JP Bold,NotoSansCJK-Bold.ttc
Noto Sans Mono CJK JP,Noto Sans Mono CJK JP,NotoSansCJK-Regular.ttc
Noto Sans Mono CJK KR,Noto Sans Mono CJK KR Bold,NotoSansCJK-Bold.ttc
Noto Sans Mono CJK KR,Noto Sans Mono CJK KR,NotoSansCJK-Regular.ttc
Noto Sans Mono CJK SC,Noto Sans Mono CJK SC,NotoSansCJK-Regular.ttc
Noto Sans Mono CJK SC,Noto Sans Mono CJK SC Bold,NotoSansCJK-Bold.ttc
Noto Sans Mono CJK TC,Noto Sans Mono CJK TC Bold,NotoSansCJK-Bold.ttc
Noto Sans Mono CJK TC,Noto Sans Mono CJK TC,NotoSansCJK-Regular.ttc
Noto Serif CJK JP,Noto Serif CJK JP Bold,NotoSerifCJK-Bold.ttc
Noto Serif CJK JP,Noto Serif CJK JP,NotoSerifCJK-Regular.ttc
Noto Serif CJK KR,Noto Serif CJK KR Bold,NotoSerifCJK-Bold.ttc
Noto Serif CJK KR,Noto Serif CJK KR,NotoSerifCJK-Regular.ttc
Noto Serif CJK SC,Noto Serif CJK SC Bold,NotoSerifCJK-Bold.ttc
Noto Serif CJK SC,Noto Serif CJK SC,NotoSerifCJK-Regular.ttc
Noto Serif CJK TC,Noto Serif CJK TC Bold,NotoSerifCJK-Bold.ttc
Noto Serif CJK TC,Noto Serif CJK TC,NotoSerifCJK-Regular.ttc
OpenSymbol,OpenSymbol,opens___.ttf
Padauk,Padauk,Padauk-Regular.ttf
Padauk,Padauk Bold,Padauk-Bold.ttf
Padauk Book,Padauk Book Bold,PadaukBook-Bold.ttf
Padauk Book,Padauk Book,PadaukBook-Regular.ttf
Pagul,Pagul,Pagul.ttf
Phetsarath OT,Phetsarath OT,Phetsarath_OT.ttf
Pothana2000,Pothana2000,Pothana2000.ttf
Purisa,Purisa Bold Oblique,Purisa-BoldOblique.ttf
Purisa,Purisa,Purisa.ttf
Purisa,Purisa Bold,Purisa-Bold.ttf
Purisa,Purisa Oblique,Purisa-Oblique.ttf
Rachana,Rachana,Rachana-Regular.ttf
Rachana,Rachana,Rachana-Bold.ttf
RaghuMalayalam,RaghuMalayalam Regular,RaghuMalayalamSans-Regular.ttf
Rekha,Rekha,Rekha.ttf
Saab,Saab,Saab.ttf
Sahadeva,Sahadeva,sahadeva.ttf
Samanata,Samanata,samanata.ttf
Samyak Devanagari,Samyak Devanagari,Samyak-Devanagari.ttf
Samyak Gujarati,Samyak Gujarati,Samyak-Gujarati.ttf
Samyak Malayalam,Samyak Malayalam,Samyak-Malayalam.ttf
Samyak Tamil,Samyak Tamil,Samyak-Tamil.ttf
Sarai,Sarai,Sarai.ttf
Sawasdee,Sawasdee,Sawasdee.ttf
Sawasdee,Sawasdee Oblique,Sawasdee-Oblique.ttf
Sawasdee,Sawasdee Bold,Sawasdee-Bold.ttf
Sawasdee,Sawasdee Bold Oblique,Sawasdee-BoldOblique.ttf
Standard Symbols L,Standard Symbols L,s050000l.pfb
Suruma,Suruma,Suruma.ttf
Tibetan Machine Uni,Tibetan_Machine_Uni,TibetanMachineUni.ttf
Times New Roman,Times New Roman,times.ttf
Times New Roman,Times New Roman,Times_New_Roman.ttf
Times New Roman,Times New Roman Bold,Times_New_Roman_Bold.ttf
Times New Roman,Times New Roman Bold Italic,timesbi.ttf
Times New Roman,Times New Roman Bold Italic,Times_New_Roman_Bold_Italic.ttf
Times New Roman,Times New Roman Bold,timesbd.ttf
Times New Roman,Times New Roman Italic,timesi.ttf
Times New Roman,Times New Roman Italic,Times_New_Roman_Italic.ttf
Tlwg Mono,Tlwg Mono,TlwgMono.ttf
Tlwg Mono,Tlwg Mono Bold,TlwgMono-Bold.ttf
Tlwg Mono,Tlwg Mono Bold Oblique,TlwgMono-BoldOblique.ttf
Tlwg Mono,Tlwg Mono Oblique,TlwgMono-Oblique.ttf
Tlwg Typewriter,Tlwg Typewriter Bold Oblique,TlwgTypewriter-BoldOblique.ttf
Tlwg Typewriter,Tlwg Typewriter Oblique,TlwgTypewriter-Oblique.ttf
Tlwg Typewriter,Tlwg Typewriter Bold,TlwgTypewriter-Bold.ttf
Tlwg Typewriter,Tlwg Typewriter,TlwgTypewriter.ttf
Tlwg Typist,Tlwg Typist Bold,TlwgTypist-Bold.ttf
Tlwg Typist,Tlwg Typist Oblique,TlwgTypist-Oblique.ttf
Tlwg Typist,Tlwg Typist,TlwgTypist.ttf
Tlwg Typist,Tlwg Typist Bold Oblique,TlwgTypist-BoldOblique.ttf
Tlwg Typo,Tlwg Typo Oblique,TlwgTypo-Oblique.ttf
Tlwg Typo,Tlwg Typo Bold Oblique,TlwgTypo-BoldOblique.ttf
Tlwg Typo,Tlwg Typo Bold,TlwgTypo-Bold.ttf
Tlwg Typo,Tlwg Typo,TlwgTypo.ttf
Trebuchet MS,Trebuchet MS Italic,trebucit.ttf
Trebuchet MS,Trebuchet MS Bold Italic,trebucbi.ttf
Trebuchet MS,Trebuchet MS Bold,trebucbd.ttf
Trebuchet MS,Trebuchet MS,trebuc.ttf
Trebuchet MS,Trebuchet MS,Trebuchet_MS.ttf
Trebuchet MS,Trebuchet MS Italic,Trebuchet_MS_Italic.ttf
Trebuchet MS,Trebuchet MS Bold,Trebuchet_MS_Bold.ttf
Trebuchet MS,Trebuchet MS Bold Italic,Trebuchet_MS_Bold_Italic.ttf
URW Bookman L,URW Bookman L,b018035l.pfb
URW Bookman L,URW Bookman L,b018032l.pfb
URW Bookman L,URW Bookman L,b018015l.pfb
URW Bookman L,URW Bookman L,b018012l.pfb
URW Chancery L,URW Chancery L,z003034l.pfb
URW Gothic L,URW Gothic L,a010013l.pfb
URW Gothic L,URW Gothic L,a010015l.pfb
URW Gothic L,URW Gothic L,a010033l.pfb
URW Gothic L,URW Gothic L,a010035l.pfb
URW Palladio L,URW Palladio L,p052024l.pfb
URW Palladio L,URW Palladio L,p052023l.pfb
URW Palladio L,URW Palladio L,p052004l.pfb
URW Palladio L,URW Palladio L,p052003l.pfb
Ubuntu,Ubuntu Bold Italic,Ubuntu-BI.ttf
Ubuntu,Ubuntu Light Italic,Ubuntu-LI.ttf
Ubuntu,Ubuntu Medium Italic,Ubuntu-MI.ttf
Ubuntu,Ubuntu,Ubuntu-R.ttf
Ubuntu,Ubuntu Italic,Ubuntu-RI.ttf
Ubuntu,Ubuntu Bold,Ubuntu-B.ttf
Ubuntu,Ubuntu Light,Ubuntu-L.ttf
Ubuntu,Ubuntu Medium,Ubuntu-M.ttf
Ubuntu Condensed,Ubuntu Condensed,Ubuntu-C.ttf
Ubuntu Mono,Ubuntu Mono,UbuntuMono-R.ttf
Ubuntu Mono,Ubuntu Mono Bold Italic,UbuntuMono-BI.ttf
Ubuntu Mono,Ubuntu Mono Bold,UbuntuMono-B.ttf
Ubuntu Mono,Ubuntu Mono Italic,UbuntuMono-RI.ttf
Umpush,Umpush Light Oblique,Umpush-LightOblique.ttf
Umpush,Umpush,Umpush.ttf
Umpush,Umpush Light,Umpush-Light.ttf
Umpush,Umpush Bold Oblique,Umpush-BoldOblique.ttf
Umpush,Umpush Oblique,Umpush-Oblique.ttf
Umpush,Umpush Bold,Umpush-Bold.ttf
Uroob,Uroob,Uroob.ttf
Vemana2000,Vemana2000,vemana2000.ttf
Verdana,Verdana Bold,verdanab.ttf
Verdana,Verdana Bold Italic,Verdana_Bold_Italic.ttf
Verdana,Verdana Bold,Verdana_Bold.ttf
Verdana,Verdana Italic,Verdana_Italic.ttf
Verdana,Verdana,Verdana.ttf
Verdana,Verdana Italic,verdanai.ttf
Verdana,Verdana Bold Italic,verdanaz.ttf
Waree,Waree Bold,Waree-Bold.ttf
Waree,Waree Bold Oblique,Waree-BoldOblique.ttf
Waree,Waree,Waree.ttf
Waree,Waree Oblique,Waree-Oblique.ttf
Webdings,Webdings,Webdings.ttf
aakar,aakar,aakar-medium.ttf
mry_KacstQurn,mry_KacstQurn,mry_KacstQurn.ttf
ori1Uni,ori1Uni Medium,utkal.ttf
padmaa,padmaa-normal-indictrans,padmaa-Medium-0.5.ttf
padmaa,padmaa,padmaa.ttf
padmaa-Bold.1.1,padmaa-Bold.1.1,padmaa-Bold.1.1.ttf
