Aharoni Bold,Aharoni Bold,ahronbd.ttf
Aldhabi,Aldhabi,aldhabi.ttf
Andalus,Andalus,andlso.ttf
Angsana New,Angsana New Bold Italic,angsana.ttc
Angsana New,Angsana New Bold,angsana.ttc
Angsana New,Angsana New Italic,angsana.ttc
Angsana New,Angsana New,angsana.ttc
AngsanaUPC,AngsanaUPC Bold Italic,angsana.ttc
AngsanaUPC,AngsanaUPC Bold,angsana.ttc
AngsanaUPC,AngsanaUPC Italic,angsana.ttc
AngsanaUPC,AngsanaUPC,angsana.ttc
Aparajita,Aparajita Bold Italic,aparajbi.ttf
Aparajita,Aparajita Bold,aparajb.ttf
Aparajita,Aparajita Italic,aparaji.ttf
Aparajita,Aparajita,aparaj.ttf
Arabic Typesetting,Arabic Typesetting,arabtype.ttf
Arial Black,Arial Black,ariblk.ttf
Arial Nova,Arial Nova Bold Italic,arialnova-bolditalic.ttf
Arial Nova,Arial Nova Bold,arialnova-bold.ttf
Arial Nova,Arial Nova Cond Bold Italic,arialnovacond-bolditalic.ttf
Arial Nova,Arial Nova Cond Bold,arialnovacond-bold.ttf
Arial Nova,Arial Nova Cond Italic,arialnovacond-italic.ttf
Arial Nova,Arial Nova Cond Light Italic,arialnovacond-lightitalic.ttf
Arial Nova,Arial Nova Cond Light,arialnovacond-light.ttf
Arial Nova,Arial Nova Cond,arialnovacond.ttf
Arial Nova,Arial Nova Italic,arialnova-italic.ttf
Arial Nova,Arial Nova Light Italic,arialnova-lightitalic.ttf
Arial Nova,Arial Nova Light,arialnova-light.ttf
Arial Nova,Arial Nova,arialnova.ttf
Arial,Arial Bold Italic,arialbi.ttf
Arial,Arial Bold,arialbd.ttf
Arial,Arial Italic,ariali.ttf
Arial,Arial,arial.ttf
BIZ UDGothic,BIZ UDGothic Bold,biz-udgothicb.ttc
BIZ UDGothic,BIZ UDGothic,biz-udgothicr.ttc
BIZ UDGothic,BIZ UDPGothic Bold,biz-udgothicb.ttc
BIZ UDGothic,BIZ UDPGothic,biz-udgothicr.ttc
BIZ UDMincho Medium,BIZ UDMincho Medium,biz-udminchom.ttc
BIZ UDMincho Medium,BIZ UDPMincho Medium,biz-udminchom.ttc
Bahnschrift,Bahnschrift,bahnschrift.ttf
Batang,Batang,batang.ttc
Batang,BatangChe,batang.ttc
Browallia New,Browallia New Bold Italic,browalia.ttc
Browallia New,Browallia New Bold,browalia.ttc
Browallia New,Browallia New Italic,browalia.ttc
Browallia New,Browallia New,browalia.ttc
BrowalliaUPC,BrowalliaUPC Bold Italic,browalia.ttc
BrowalliaUPC,BrowalliaUPC Bold,browalia.ttc
BrowalliaUPC,BrowalliaUPC Italic,browalia.ttc
BrowalliaUPC,BrowalliaUPC,browalia.ttc
Calibri,Calibri Bold Italic,calibriz.ttf
Calibri,Calibri Bold,calibrib.ttf
Calibri,Calibri Italic,calibrii.ttf
Calibri,Calibri Light Italic,calibrili.ttf
Calibri,Calibri Light,calibril.ttf
Calibri,Calibri,calibri.ttf
Cambria Math,Cambria Math,cambria.ttc
Cambria,Cambria Bold Italic,cambriaz.ttf
Cambria,Cambria Bold,cambriab.ttf
Cambria,Cambria Italic,cambriai.ttf
Cambria,Cambria,cambria.ttc
Candara,Candara Bold Italic,candaraz.ttf
Candara,Candara Bold,candarab.ttf
Candara,Candara Italic,candarai.ttf
Candara,Candara Light Italic,candarali.ttf
Candara,Candara Light,candaral.ttf
Candara,Candara,candara.ttf
Comic Sans MS,Comic Sans MS Bold Italic,comicz.ttf
Comic Sans MS,Comic Sans MS Bold,comicbd.ttf
Comic Sans MS,Comic Sans MS Italic,comici.ttf
Comic Sans MS,Comic Sans MS,comic.ttf
Consolas,Consolas Bold Italic,consolaz.ttf
Consolas,Consolas Bold,consolab.ttf
Consolas,Consolas Italic,consolai.ttf
Consolas,Consolas,consola.ttf
Constantia,Constantia Bold Italic,constanz.ttf
Constantia,Constantia Bold,constanb.ttf
Constantia,Constantia Italic,constani.ttf
Constantia,Constantia,constan.ttf
Corbel,Corbel Bold Italic,corbelz.ttf
Corbel,Corbel Bold,corbelb.ttf
Corbel,Corbel Italic,corbeli.ttf
Corbel,Corbel Light Italic,corbelli.ttf
Corbel,Corbel Light,corbell.ttf
Corbel,Corbel,corbel.ttf
Cordia New,Cordia New Bold Italic,cordia.ttc
Cordia New,Cordia New Bold,cordia.ttc
Cordia New,Cordia New Italic,cordia.ttc
Cordia New,Cordia New,cordia.ttc
CordiaUPC,CordiaUPC Bold Italic,cordia.ttc
CordiaUPC,CordiaUPC Bold,cordia.ttc
CordiaUPC,CordiaUPC Italic,cordia.ttc
CordiaUPC,CordiaUPC,cordia.ttc
Courier New,Courier New Bold Italic,courbi.ttf
Courier New,Courier New Bold,courbd.ttf
Courier New,Courier New Italic,couri.ttf
Courier New,Courier New,cour.ttf
DFKai-SB,DFKai-SB,kaiu.ttf
DaunPenh,DaunPenh,daunpenh.ttf
David,David Bold,davidbd.ttf
David,David,david.ttf
DengXian,DengXian Bold,dengb.ttf
DengXian,DengXian Light,dengl.ttf
DilleniaUPC,DilleniaUPC Bold Italic,upcdbi.ttf
DilleniaUPC,DilleniaUPC Bold,upcdb.ttf
DilleniaUPC,DilleniaUPC Italic,upcdi.ttf
DilleniaUPC,DilleniaUPC,upcdl.ttf
DokChampa,DokChampa,dokchamp.ttf
Dotum,Dotum,gulim.ttc
Dotum,DotumChe,gulim.ttc
Ebrima,Ebrima Bold,ebrimabd.ttf
Ebrima,Ebrima,ebrima.ttf
Estrangelo Edessa,Estrangelo Edessa,estre.ttf
EucrosiaUPC,EucrosiaUPC Bold Italic,upcebi.ttf
EucrosiaUPC,EucrosiaUPC Bold,upceb.ttf
EucrosiaUPC,EucrosiaUPC Italic,upcei.ttf
EucrosiaUPC,EucrosiaUPC,upcel.ttf
Euphemia,Euphemia,euphemia.ttf
FangSong,FangSong,simfang.ttf
FrankRuehl,FrankRuehl,frank.ttf
Franklin Gothic Medium,Franklin Gothic Medium Italic,framdit.ttf
Franklin Gothic Medium,Franklin Gothic Medium,framd.ttf
FreesiaUPC,FreesiaUPC Bold Italic,upcfbi.ttf
FreesiaUPC,FreesiaUPC Bold,upcfb.ttf
FreesiaUPC,FreesiaUPC Italic,upcfi.ttf
FreesiaUPC,FreesiaUPC,upcfl.ttf
Gabriola,Gabriola,gabriola.ttf
Gadugi,Gadugi Bold,gadugib.ttf
Gadugi,Gadugi,gadugi.ttf
Gautami,Gautami Bold,gautamib.ttf
Gautami,Gautami,gautami.ttf
Georgia Pro,Georgia Pro Black Italic,georgiapro-blackitalic.ttf
Georgia Pro,Georgia Pro Black,georgiapro-black.ttf
Georgia Pro,Georgia Pro Bold Italic,georgiapro-bolditalic.ttf
Georgia Pro,Georgia Pro Bold,georgiapro-bold.ttf
Georgia Pro,Georgia Pro Cond Black Italic,georgiapro-condblackitalic.ttf
Georgia Pro,Georgia Pro Cond Black,georgiapro-condblack.ttf
Georgia Pro,Georgia Pro Cond Bold Italic,georgiapro-condbolditalic.ttf
Georgia Pro,Georgia Pro Cond Bold,georgiapro-condbold.ttf
Georgia Pro,Georgia Pro Cond Italic,georgiapro-conditalic.ttf
Georgia Pro,Georgia Pro Cond Light Italic,georgiapro-condlightitalic.ttf
Georgia Pro,Georgia Pro Cond Light,georgiapro-condlight.ttf
Georgia Pro,Georgia Pro Cond Semibold Italic,georgiapro-condsemibolditalic.ttf
Georgia Pro,Georgia Pro Cond Semibold,georgiapro-condsemibold.ttf
Georgia Pro,Georgia Pro Cond,georgiapro-condregular.ttf
Georgia Pro,Georgia Pro Italic,georgiapro-italic.ttf
Georgia Pro,Georgia Pro Light Italic,georgiapro-lightitalic.ttf
Georgia Pro,Georgia Pro Light,georgiapro-light.ttf
Georgia Pro,Georgia Pro Semibold Italic,georgiapro-semibolditalic.ttf
Georgia Pro,Georgia Pro Semibold,georgiapro-semibold.ttf
Georgia Pro,Georgia Pro,georgiapro-regular.ttf
Georgia,Georgia Bold Italic,georgiaz.ttf
Georgia,Georgia Bold,georgiab.ttf
Georgia,Georgia Italic,georgiai.ttf
Georgia,Georgia,georgia.ttf
Gill Sans Nova,Gill Sans Nova Bold Italic,gillsansboitnova.ttf
Gill Sans Nova,Gill Sans Nova Bold,gillsansbonova.ttf
Gill Sans Nova,Gill Sans Nova Cond Bold Italic,gillsanscondboitnova.ttf
Gill Sans Nova,Gill Sans Nova Cond Bold,gillsanscondbonova.ttf
Gill Sans Nova,Gill Sans Nova Cond Italic,gillsansconditnova.ttf
Gill Sans Nova,Gill Sans Nova Cond Lt Italic,gillsanscondlightitnova.ttf
Gill Sans Nova,Gill Sans Nova Cond Lt,gillsanscondlightnova.ttf
Gill Sans Nova,Gill Sans Nova Cond Ultra Bold,gillsanscondultrabonova.ttf
Gill Sans Nova,Gill Sans Nova Cond XBd Italic,gillsanscondextraitnova.ttf
Gill Sans Nova,Gill Sans Nova Cond XBd,gillsanscondextranova.ttf
Gill Sans Nova,Gill Sans Nova Cond,gillsanscondnova.ttf
Gill Sans Nova,Gill Sans Nova Italic,gillsansitnova.ttf
Gill Sans Nova,Gill Sans Nova Light Italic,gillsanslightitnova.ttf
Gill Sans Nova,Gill Sans Nova Light,gillsanslightnova.ttf
Gill Sans Nova,Gill Sans Nova Ultra Bold,gillsansultrabonova.ttf
Gill Sans Nova,Gill Sans Nova,gillsansnova.ttf
Gisha,Gisha Bold,gishabd.ttf
Gisha,Gisha,gisha.ttf
Gulim,Gulim,gulim.ttc
Gulim,GulimChe,gulim.ttc
Gungsuh,Gungsuh,batang.ttc
Gungsuh,GungsuhChe,batang.ttc
Impact,Impact,impact.ttf
Ink Free,Ink Free,inkfree.ttf
IrisUPC,IrisUPC Bold Italic,upcibi.ttf
IrisUPC,IrisUPC Bold,upcib.ttf
IrisUPC,IrisUPC Italic,upcii.ttf
IrisUPC,IrisUPC,upcil.ttf
Iskoola Pota,Iskoola Pota Bold,iskpotab.ttf
Iskoola Pota,Iskoola Pota,iskpota.ttf
JasmineUPC,JasmineUPC Bold Italic,upcjbi.ttf
JasmineUPC,JasmineUPC Bold,upcjb.ttf
JasmineUPC,JasmineUPC Italic,upcji.ttf
JasmineUPC,JasmineUPC,upcjl.ttf
Javanese Text,Javanese Text,javatext.ttf
KaiTi,KaiTi,simkai.ttf
Kalinga,Kalinga Bold,kalingab.ttf
Kalinga,Kalinga,kalinga.ttf
Kartika,Kartika Bold,kartikab.ttf
Kartika,Kartika,kartika.ttf
Khmer UI,Khmer UI Bold,khmeruib.ttf
Khmer UI,Khmer UI,khmerui.ttf
KodchiangUPC,KodchiangUPC Bold Italic,upckbi.ttf
KodchiangUPC,KodchiangUPC Bold,upckb.ttf
KodchiangUPC,KodchiangUPC Italic,upcki.ttf
KodchiangUPC,KodchiangUPC,upckl.ttf
Kokila,Kokila Bold Italic,kokilabi.ttf
Kokila,Kokila Bold,kokilab.ttf
Kokila,Kokila Italic,kokilai.ttf
Kokila,Kokila,kokila.ttf
Lao UI,Lao UI Bold,laouib.ttf
Lao UI,Lao UI,laoui.ttf
Latha,Latha Bold,lathab.ttf
Latha,Latha,latha.ttf
Leelawadee UI,Leelawadee UI Bold,leelauib.ttf
Leelawadee UI,Leelawadee UI Semilight,leeluisl.ttf
Leelawadee UI,Leelawadee UI,leelawui.ttf
Leelawadee,Leelawadee Bold,leelawdb.ttf
Leelawadee,Leelawadee,leelawad.ttf
Levenim MT,Levenim MT Bold,lvnmbd.ttf
Levenim MT,Levenim MT,lvnm.ttf
LilyUPC,LilyUPC Bold Italic,upclbi.ttf
LilyUPC,LilyUPC Bold,upclb.ttf
LilyUPC,LilyUPC Italic,upcli.ttf
LilyUPC,LilyUPC,upcll.ttf
Lucida Console,Lucida Console,lucon.ttf
Lucida Sans Unicode,Lucida Sans Unicode,l_10646.ttf
MS Gothic,MS Gothic,msgothic.ttc
MS Gothic,MS PGothic,msgothic.ttc
MS Gothic,MS UI Gothic,msgothic.ttc
MS Mincho,MS Mincho,msmincho.ttc
MS Mincho,MS PMincho,msmincho.ttc
MV Boli,MV Boli,mvboli.ttf
Malgun Gothic,Malgun Gothic Bold,malgunbd.ttf
Malgun Gothic,Malgun Gothic Semilight,malgunsl.ttf
Malgun Gothic,Malgun Gothic,malgun.ttf
Mangal,Mangal Bold,mangalb.ttf
Mangal,Mangal,mangal.ttf
Marlett,Marlett,marlett.ttf
Meiryo UI,Meiryo UI Bold Italic,meiryob.ttc
Meiryo UI,Meiryo UI Bold,meiryob.ttc
Meiryo UI,Meiryo UI Italic,meiryo.ttc
Meiryo UI,Meiryo UI,meiryo.ttc
Meiryo,Meiryo Bold Italic,meiryob.ttc
Meiryo,Meiryo Bold,meiryob.ttc
Meiryo,Meiryo Italic,meiryo.ttc
Meiryo,Meiryo,meiryo.ttc
Microsoft Himalaya,Microsoft Himalaya,himalaya.ttf
Microsoft JhengHei,Microsoft JhengHei Bold,msjhbd.ttc
Microsoft JhengHei,Microsoft JhengHei Light,msjhl.ttc
Microsoft JhengHei,Microsoft JhengHei Regular,msjh.ttc
Microsoft JhengHei,Microsoft JhengHei UI Bold,msjhbd.ttc
Microsoft JhengHei,Microsoft JhengHei UI Light,msjhl.ttc
Microsoft JhengHei,Microsoft JhengHei UI Regular,msjh.ttc
Microsoft New Tai Lue,Microsoft New Tai Lue Bold,ntailub.ttf
Microsoft New Tai Lue,Microsoft New Tai Lue,ntailu.ttf
Microsoft PhagsPa,Microsoft PhagsPa Bold,phagspab.ttf
Microsoft PhagsPa,Microsoft PhagsPa,phagspa.ttf
Microsoft Sans Serif,Microsoft Sans Serif,micross.ttf
Microsoft Tai Le,Microsoft Tai Le Bold,taileb.ttf
Microsoft Tai Le,Microsoft Tai Le,taile.ttf
Microsoft Uighur,Microsoft Uighur Bold,msuighub.ttf
Microsoft Uighur,Microsoft Uighur,msuighur.ttf
Microsoft YaHei,Microsoft YaHei Bold,msyhbd.ttc
Microsoft YaHei,Microsoft YaHei Light,msyhl.ttc
Microsoft YaHei,Microsoft YaHei UI Bold,msyhbd.ttc
Microsoft YaHei,Microsoft YaHei UI Light,msyhl.ttc
Microsoft YaHei,Microsoft YaHei UI,msyh.ttc
Microsoft YaHei,Microsoft YaHei,msyh.ttc
Microsoft Yi Baiti,Microsoft Yi Baiti,msyi.ttf
MingLiU,MingLiU,mingliu.ttc
MingLiU,MingLiU_HKSCS,mingliu.ttc
MingLiU,PMingLiU,mingliu.ttc
MingLiU-ExtB,MingLiU-ExtB,mingliub.ttc
MingLiU-ExtB,MingLiU_HKSCS-ExtB,mingliub.ttc
MingLiU-ExtB,PMingLiU-ExtB,mingliub.ttc
Miriam,Miriam Fixed,mriamc.ttf
Miriam,Miriam,mriam.ttf
Mongolian Baiti,Mongolian Baiti,monbaiti.ttf
MoolBoran,MoolBoran,moolbor.ttf
Myanmar Text,Myanmar Text Bold,mmrtextb.ttf
Myanmar Text,Myanmar Text,mmrtext.ttf
Narkisim,Narkisim,nrkis.ttf
Neue Haas Grotesk Text Pro,Neue Haas Grotesk Text Pro Bold Italic,nhaasgrotesktxpro-76bdit.ttf
Neue Haas Grotesk Text Pro,Neue Haas Grotesk Text Pro Bold,nhaasgrotesktxpro-75bd.ttf
Neue Haas Grotesk Text Pro,Neue Haas Grotesk Text Pro Italic,nhaasgrotesktxpro-56it.ttf
Neue Haas Grotesk Text Pro,Neue Haas Grotesk Text Pro Medium Italic,nhaasgrotesktxpro-66mdit.ttf
Neue Haas Grotesk Text Pro,Neue Haas Grotesk Text Pro Medium,nhaasgrotesktxpro-65md.ttf
Neue Haas Grotesk Text Pro,Neue Haas Grotesk Text Pro,nhaasgrotesktxpro-55rg.ttf
Nirmala UI,Nirmala UI Bold,nirmalab.ttf
Nirmala UI,Nirmala UI Semilight,nirmalas.ttf
Nirmala UI,Nirmala UI,nirmala.ttf
Nyala,Nyala,nyala.ttf
Palatino Linotype,Palatino Linotype Bold Italic,palabi.ttf
Palatino Linotype,Palatino Linotype Bold,palab.ttf
Palatino Linotype,Palatino Linotype Italic,palai.ttf
Palatino Linotype,Palatino Linotype,pala.ttf
Plantagenet Cherokee,Plantagenet Cherokee,plantc.ttf
Raavi,Raavi Bold,raavib.ttf
Raavi,Raavi,raavi.ttf
Rockwell Nova Cond,Rockwell Nova Cond Bold Italic,rockwellnovacond-bolditalic.ttf
Rockwell Nova Cond,Rockwell Nova Cond Bold,rockwellnovacond-bold.ttf
Rockwell Nova Cond,Rockwell Nova Cond Italic,rockwellnovacond-italic.ttf
Rockwell Nova Cond,Rockwell Nova Cond Light Italic,rockwellnovacond-lightitalic.ttf
Rockwell Nova Cond,Rockwell Nova Cond Light,rockwellnovacond-light.ttf
Rockwell Nova Cond,Rockwell Nova Cond,rockwellnovacond.ttf
Rockwell Nova Extra Bold,Rockwell Nova Extra Bold Italic,rockwellnova-extrabolditalic.ttf
Rockwell Nova Extra Bold,Rockwell Nova Extra Bold,rockwellnova-extrabold.ttf
Rockwell Nova,Rockwell Nova Bold Italic,rockwellnova-bolditalic.ttf
Rockwell Nova,Rockwell Nova Bold,rockwellnova-bold.ttf
Rockwell Nova,Rockwell Nova Italic,rockwellnova-italic.ttf
Rockwell Nova,Rockwell Nova Light Italic,rockwellnova-lightitalic.ttf
Rockwell Nova,Rockwell Nova Light,rockwellnova-light.ttf
Rockwell Nova,Rockwell Nova,rockwellnova.ttf
Rod,Rod,rod.ttf
Sakkal Majalla,Sakkal Majalla Bold,majallab.ttf
Sakkal Majalla,Sakkal Majalla,majalla.ttf
Sanskrit Text,Sanskrit Text,sanskr.ttf
Segoe MDL2 Assets,Segoe MDL2 Assets,segmdl2.ttf
Segoe Print,Segoe Print Bold,segoeprb.ttf
Segoe Print,Segoe Print,segoepr.ttf
Segoe Script,Segoe Script Bold,segoescb.ttf
Segoe Script,Segoe Script,segoesc.ttf
Segoe UI Emoji,Segoe UI Emoji,seguiemj.ttf
Segoe UI Historic,Segoe UI Historic,seguihis.ttf
Segoe UI Symbol,Segoe UI Symbol,seguisym.ttf
Segoe UI,Segoe UI Black Italic,seguibli.ttf
Segoe UI,Segoe UI Black,seguibl.ttf
Segoe UI,Segoe UI Bold Italic,segoeuiz.ttf
Segoe UI,Segoe UI Bold,segoeuib.ttf
Segoe UI,Segoe UI Italic,segoeuii.ttf
Segoe UI,Segoe UI Light Italic,seguili.ttf
Segoe UI,Segoe UI Light,segoeuil.ttf
Segoe UI,Segoe UI Semibold Italic,seguisbi.ttf
Segoe UI,Segoe UI Semibold,seguisb.ttf
Segoe UI,Segoe UI Semilight Italic,seguisli.ttf
Segoe UI,Segoe UI Semilight,segoeuisl.ttf
Segoe UI,Segoe UI,segoeui.ttf
Shonar Bangla,Shonar Bangla Bold,shonarb.ttf
Shonar Bangla,Shonar Bangla,shonar.ttf
Shruti,Shruti Bold,shrutib.ttf
Shruti,Shruti,shruti.ttf
SimHei,SimHei,simhei.ttf
SimSun,NSimSun,simsun.ttc
SimSun,SimSun,simsun.ttc
SimSun-ExtB,SimSun-ExtB,simsunb.ttf
Simplified Arabic,Simplified Arabic Bold,simpbdo.ttf
Simplified Arabic,Simplified Arabic Fixed,simpfxo.ttf
Simplified Arabic,Simplified Arabic,simpo.ttf
Sitka,Sitka Banner Bold Italic,sitkaz.ttc
Sitka,Sitka Banner Bold,sitkab.ttc
Sitka,Sitka Banner Italic,sitkai.ttc
Sitka,Sitka Banner,sitka.ttc
Sitka,Sitka Display Bold Italic,sitkaz.ttc
Sitka,Sitka Display Bold,sitkab.ttc
Sitka,Sitka Display Italic,sitkai.ttc
Sitka,Sitka Display,sitka.ttc
Sitka,Sitka Heading Bold Italic,sitkaz.ttc
Sitka,Sitka Heading Bold,sitkab.ttc
Sitka,Sitka Heading Italic,sitkai.ttc
Sitka,Sitka Heading,sitka.ttc
Sitka,Sitka Small Bold Italic,sitkaz.ttc
Sitka,Sitka Small Bold,sitkab.ttc
Sitka,Sitka Small Italic,sitkai.ttc
Sitka,Sitka Small,sitka.ttc
Sitka,Sitka Subheading Bold Italic,sitkaz.ttc
Sitka,Sitka Subheading Bold,sitkab.ttc
Sitka,Sitka Subheading Italic,sitkai.ttc
Sitka,Sitka Subheading,sitka.ttc
Sitka,Sitka Text Bold Italic,sitkaz.ttc
Sitka,Sitka Text Bold,sitkab.ttc
Sitka,Sitka Text Italic,sitkai.ttc
Sitka,Sitka Text,sitka.ttc
Sylfaen,Sylfaen,sylfaen.ttf
Symbol,Symbol,symbol.ttf
Tahoma,Tahoma Bold,tahomabd.ttf
Tahoma,Tahoma,tahoma.ttf
Times New Roman,Times New Roman Bold Italic,timesbi.ttf
Times New Roman,Times New Roman Bold,timesbd.ttf
Times New Roman,Times New Roman Italic,timesi.ttf
Times New Roman,Times New Roman,times.ttf
Traditional Arabic,Traditional Arabic Bold,tradbdo.ttf
Traditional Arabic,Traditional Arabic,trado.ttf
Trebuchet MS,Trebuchet MS Bold Italic,trebucbi.ttf
Trebuchet MS,Trebuchet MS Bold,trebucbd.ttf
Trebuchet MS,Trebuchet MS Italic,trebucit.ttf
Trebuchet MS,Trebuchet MS,trebuc.ttf
Tunga,Tunga Bold,tungab.ttf
Tunga,Tunga,tunga.ttf
UD Digi Kyokasho,UD Digi Kyokasho N-B,uddigikyokashon-b.ttc
UD Digi Kyokasho,UD Digi Kyokasho N-R,uddigikyokashon-r.ttc
UD Digi Kyokasho,UD Digi Kyokasho NK-B,uddigikyokashon-b.ttc
UD Digi Kyokasho,UD Digi Kyokasho NK-R,uddigikyokashon-r.ttc
UD Digi Kyokasho,UD Digi Kyokasho NP-B,uddigikyokashon-b.ttc
UD Digi Kyokasho,UD Digi Kyokasho NP-R,uddigikyokashon-r.ttc
Urdu Typesetting,Urdu Typesetting Bold,urdtypeb.ttf
Urdu Typesetting,Urdu Typesetting,urdtype.ttf
Utsaah,Utsaah Bold Italic,utsaahbi.ttf
Utsaah,Utsaah Bold,utsaahb.ttf
Utsaah,Utsaah Italic,utsaahi.ttf
Utsaah,Utsaah,utsaah.ttf
Vani,Vani Bold,vanib.ttf
Vani,Vani,vani.ttf
Verdana Pro,Verdana Pro Black Italic,verdanapro-blackitalic.ttf
Verdana Pro,Verdana Pro Black,verdanapro-black.ttf
Verdana Pro,Verdana Pro Bold Italic,verdanapro-bolditalic.ttf
Verdana Pro,Verdana Pro Bold,verdanapro-bold.ttf
Verdana Pro,Verdana Pro Cond Black Italic,verdanapro-condblackitalic.ttf
Verdana Pro,Verdana Pro Cond Black,verdanapro-condblack.ttf
Verdana Pro,Verdana Pro Cond Bold Italic,verdanapro-condbolditalic.ttf
Verdana Pro,Verdana Pro Cond Bold,verdanapro-condbold.ttf
Verdana Pro,Verdana Pro Cond Italic,verdanapro-conditalic.ttf
Verdana Pro,Verdana Pro Cond Light Italic,verdanapro-condlightitalic.ttf
Verdana Pro,Verdana Pro Cond Light,verdanapro-condlight.ttf
Verdana Pro,Verdana Pro Cond SemiBold Italic,verdanapro-condsemibolditalic.ttf
Verdana Pro,Verdana Pro Cond SemiBold,verdanapro-condsemibold.ttf
Verdana Pro,Verdana Pro Cond,verdanapro-condregular.ttf
Verdana Pro,Verdana Pro Italic,verdanapro-italic.ttf
Verdana Pro,Verdana Pro Light Italic,verdanapro-lightitalic.ttf
Verdana Pro,Verdana Pro Light,verdanapro-light.ttf
Verdana Pro,Verdana Pro SemiBold Italic,verdanapro-semibolditalic.ttf
Verdana Pro,Verdana Pro SemiBold,verdanapro-semibold.ttf
Verdana Pro,Verdana Pro,verdanapro-regular.ttf
Verdana,Verdana Bold Italic,verdanaz.ttf
Verdana,Verdana Bold,verdanab.ttf
Verdana,Verdana Italic,verdanai.ttf
Verdana,Verdana,verdana.ttf
Vijaya,Vijaya Bold,vijayab.ttf
Vijaya,Vijaya,vijaya.ttf
Vrinda,Vrinda Bold,vrindab.ttf
Vrinda,Vrinda,vrinda.ttf
Webdings,Webdings,webdings.ttf
Wingdings,Wingdings,wingding.ttf
Yu Gothic,Yu Gothic Bold,yugothb.ttc
Yu Gothic,Yu Gothic Light,yugothl.ttc
Yu Gothic,Yu Gothic Medium,yugothm.ttc
Yu Gothic,Yu Gothic Regular,yugothr.ttc
Yu Gothic,Yu Gothic UI Bold,yugothb.ttc
Yu Gothic,Yu Gothic UI Light,yugothl.ttc
Yu Gothic,Yu Gothic UI Regular,yugothm.ttc
Yu Gothic,Yu Gothic UI Semibold,yugothb.ttc
Yu Gothic,Yu Gothic UI Semilight,yugothr.ttc
Yu Mincho,Yu Mincho Demibold,yumindb.ttf
Yu Mincho,Yu Mincho Light,yuminl.ttf
Yu Mincho,Yu Mincho Regular,yumin.ttf
